source,sourceOrderId,soldAt,customerName,productName,sku,quantity,itemStatus,unitPrice
ONLINE,ORD-00001,11/13/2025,Chloe,Collar Luna,COL-LUN3,3,PAID,100
ONLINE,ORD-00001,11/13/2025,Chloe,Tiara Pearl,TIA-PRL1,2,PAID,230
ONLINE,ORD-00001,11/13/2025,Chloe,Guantes Satin,GLV-SAT3,1,PAID,95
ONLINE,ORD-00002,02/16/2026,Emma,Tiara Pearl,TIA-PRL7,2,PAID,230
ONLINE,ORD-00002,02/16/2026,Emma,Velo Classic,VEL-CLA3,2,PAID,390
ONLINE,ORD-00002,02/16/2026,Emma,Anillo Halo,RNG-HAL6,2,PAID,30
ONLINE,ORD-00002,02/16/2026,Emma,Vestido Camila,DRSS-CAM5,1,PAID,1850
ONLINE,ORD-00003,03/05/2025,Paola,Aretes Crystal,EAR-CRY2,1,PAID,65
ONLINE,ORD-00003,03/05/2025,Paola,Vestido Isabella,DRSS-ISA9,1,PAID,1700
ONLINE,ORD-00003,03/05/2025,Paola,Vestido Bella,DRSS-BEL5,1,PAID,1450
ONLINE,ORD-00003,03/05/2025,Paola,Anillo Halo,RNG-HAL2,3,PAID,50
ONLINE,ORD-00004,07/19/2025,Camila,Collar Luna,COL-LUN5,2,PAID,80
ONLINE,ORD-00004,07/19/2025,Camila,Vestido Emilia,DRSS-EMI4,1,PAID,1700
ONLINE,ORD-00004,07/19/2025,Camila,Jacket Pearl,JCK-PRL4,2,PAID,340
ONLINE,ORD-00004,07/19/2025,Camila,Guantes Satin,GLV-SAT5,2,PAID,75
ONLINE,ORD-00005,04/26/2026,Zoe,Cinturon Pearl,BELT-PRL2,2,PAID,180
ONLINE,ORD-00005,04/26/2026,Zoe,Aretes Pearl,EAR-PRL4,1,PAID,95
ONLINE,ORD-00005,04/26/2026,Zoe,Anillo Halo,RNG-HAL8,2,PAID,50
ONLINE,ORD-00006,02/14/2024,Isabella,Vestido Aurora,DRSS-AUR8,1,PAID,1350
ONLINE,ORD-00006,02/14/2024,Isabella,Vestido Valentina,DRSS-VAL6,1,PAID,2150
ONLINE,ORD-00006,02/14/2024,Isabella,Vestido Emilia,DRSS-EMI1,1,PAID,1800
ONLINE,ORD-00007,02/02/2025,Lucia,Guantes Satin,GLV-SAT5,1,PAID,75
ONLINE,ORD-00007,02/02/2025,Lucia,Vestido Camila,DRSS-CAM2,1,PAID,1900
ONLINE,ORD-00007,02/02/2025,Lucia,Vestido Sofia,DRSS-SOF8,1,PAID,1550
ONLINE,ORD-00007,02/02/2025,Lucia,Vestido Isabella,DRSS-ISA2,1,PAID,1850
ONLINE,ORD-00008,10/07/2024,Valentina,Cinturon Crystal,BELT-CRY6,3,PAID,180
ONLINE,ORD-00009,04/12/2026,Natalia,Jacket Pearl,JCK-PRL8,3,REFUNDED,320
ONLINE,ORD-00009,04/12/2026,Natalia,Vestido Isabella,DRSS-ISA6,1,REFUNDED,1900
ONLINE,ORD-00010,09/05/2025,Camila,Tiara Halo,TIA-HAL3,1,REFUNDED,260
ONLINE,ORD-00010,09/05/2025,Camila,Tiara Halo,TIA-HAL7,1,REFUNDED,240
ONLINE,ORD-00010,09/05/2025,Camila,Velo Classic,VEL-CLA7,1,REFUNDED,330
ONLINE,ORD-00011,06/19/2025,Rachel,Vestido Milena,DRSS-MIL7,1,REFUNDED,1150
ONLINE,ORD-00011,06/19/2025,Rachel,Vestido Milena,DRSS-MIL9,1,REFUNDED,1250
ONLINE,ORD-00011,06/19/2025,Rachel,Jacket Pearl,JCK-PRL9,2,REFUNDED,340
ONLINE,ORD-00011,06/19/2025,Rachel,Velo Luna,VEL-LUN9,1,REFUNDED,540
ONLINE,ORD-00012,12/31/2024,Katherine,Vestido Luna,DRSS-LUN8,1,REFUNDED,1550
ONLINE,ORD-00012,12/31/2024,Katherine,Cinturon Pearl,BELT-PRL1,1,REFUNDED,220
ONLINE,ORD-00012,12/31/2024,Katherine,Vestido Grace,DRSS-GRA4,1,REFUNDED,2300
ONLINE,ORD-00013,02/20/2025,Carolina,Vestido Valentina,DRSS-VAL1,1,REFUNDED,2000
ONLINE,ORD-00013,02/20/2025,Carolina,Cinturon Pearl,BELT-PRL6,2,REFUNDED,240
ONLINE,ORD-00014,04/15/2025,Ashley,Bolero Lace,BOL-LAC6,1,REFUNDED,320
ONLINE,ORD-00014,04/15/2025,Ashley,Collar Pearl,COL-PRL5,2,REFUNDED,120
ONLINE,ORD-00015,11/02/2025,Vanessa,Velo Classic,VEL-CLA4,2,REFUNDED,390
ONLINE,ORD-00015,11/02/2025,Vanessa,Vestido Emilia,DRSS-EMI4,1,REFUNDED,1650
ONLINE,ORD-00015,11/02/2025,Vanessa,Vestido Emilia,DRSS-EMI8,1,REFUNDED,1850
ONLINE,ORD-00015,11/02/2025,Vanessa,Vestido Sofia,DRSS-SOF1,1,REFUNDED,1550
ONLINE,ORD-00016,02/23/2026,Paola,Cinturon Crystal,BELT-CRY4,2,REFUNDED,160
ONLINE,ORD-00016,02/23/2026,Paola,Tiara Halo,TIA-HAL7,3,REFUNDED,260
ONLINE,ORD-00016,02/23/2026,Paola,Vestido Sofia,DRSS-SOF5,1,REFUNDED,1600
ONLINE,ORD-00017,01/15/2026,Jessica,Velo Aurora,VEL-AUR7,1,CANCELLED,490
ONLINE,ORD-00018,09/14/2024,Laura,Vestido Emilia,DRSS-EMI7,1,CANCELLED,1850
ONLINE,ORD-00018,09/14/2024,Laura,Vestido Aurora,DRSS-AUR7,1,CANCELLED,1300
ONLINE,ORD-00019,12/16/2024,Hannah,Vestido Luna,DRSS-LUN5,1,CANCELLED,1600
ONLINE,ORD-00019,12/16/2024,Hannah,Tiara Halo,TIA-HAL4,2,CANCELLED,200
ONLINE,ORD-00020,04/28/2025,Vanessa,Vestido Luna,DRSS-LUN3,1,CANCELLED,1550
ONLINE,ORD-00021,04/20/2026,Camila,Vestido Valentina,DRSS-VAL2,1,CANCELLED,2200
ONLINE,ORD-00021,04/20/2026,Camila,Vestido Aurora,DRSS-AUR7,1,CANCELLED,1450
ONLINE,ORD-00022,02/20/2024,Natalia,Vestido Milena,DRSS-MIL4,1,CANCELLED,1300
ONLINE,ORD-00022,02/20/2024,Natalia,Velo Luna,VEL-LUN8,3,CANCELLED,540
ONLINE,ORD-00022,02/20/2024,Natalia,Vestido Sofia,DRSS-SOF3,1,CANCELLED,1600
ONLINE,ORD-00022,02/20/2024,Natalia,Anillo Halo,RNG-HAL6,1,CANCELLED,50
ONLINE,ORD-00023,07/02/2024,Mia,Vestido Valentina,DRSS-VAL6,1,CANCELLED,2000
ONLINE,ORD-00023,07/02/2024,Mia,Vestido Luna,DRSS-LUN7,1,CANCELLED,1650
ONLINE,ORD-00024,08/23/2025,Isabella,Velo Classic,VEL-CLA4,2,CANCELLED,330
ONLINE,ORD-00024,08/23/2025,Isabella,Vestido Sofia,DRSS-SOF6,1,CANCELLED,1600
ONLINE,ORD-00025,03/31/2024,Mia,Velo Classic,VEL-CLA4,1,PENDING,350
ONLINE,ORD-00025,03/31/2024,Mia,Cinturon Crystal,BELT-CRY2,1,PENDING,180
ONLINE,ORD-00025,03/31/2024,Mia,Vestido Isabella,DRSS-ISA6,1,PENDING,1700
ONLINE,ORD-00026,08/17/2024,Rachel,Vestido Emilia,DRSS-EMI7,1,PENDING,1700
ONLINE,ORD-00026,08/17/2024,Rachel,Vestido Bella,DRSS-BEL6,1,PENDING,1550
ONLINE,ORD-00026,08/17/2024,Rachel,Vestido Luna,DRSS-LUN8,1,PENDING,1500
ONLINE,ORD-00027,05/22/2025,Carolina,Jacket Pearl,JCK-PRL7,3,PENDING,360
ONLINE,ORD-00027,05/22/2025,Carolina,Cinturon Crystal,BELT-CRY8,3,PENDING,200
ONLINE,ORD-00028,07/29/2024,Vanessa,Aretes Pearl,EAR-PRL2,1,PENDING,115
ONLINE,ORD-00028,07/29/2024,Vanessa,Vestido Grace,DRSS-GRA9,1,PENDING,2200
ONLINE,ORD-00029,01/22/2024,Lucia,Aretes Pearl,EAR-PRL1,1,PENDING,75
ONLINE,ORD-00030,07/17/2024,Gabriela,Guantes Satin,GLV-SAT4,2,PENDING,115
ONLINE,ORD-00030,07/17/2024,Gabriela,Guantes Satin,GLV-SAT4,2,PENDING,115
ONLINE,ORD-00030,07/17/2024,Gabriela,Anillo Halo,RNG-HAL7,1,PENDING,30
ONLINE,ORD-00031,08/22/2024,Gabriela,Tiara Pearl,TIA-PRL3,1,PENDING,250
ONLINE,ORD-00032,01/08/2024,Camila,Velo Pearl,VEL-PRL3,2,PENDING,600
ONLINE,ORD-00032,01/08/2024,Camila,Bolero Lace,BOL-LAC9,3,PENDING,300
ONLINE,ORD-00032,01/08/2024,Camila,Vestido Camila,DRSS-CAM1,1,PENDING,1950
ONLINE,ORD-00033,07/09/2025,Amanda,Vestido Valentina,DRSS-VAL2,1,PAID,2000
ONLINE,ORD-00033,07/09/2025,Amanda,Tiara Pearl,TIA-PRL7,1,REFUNDED,250
ONLINE,ORD-00033,07/09/2025,Amanda,Anillo Halo,RNG-HAL2,1,PAID,50
ONLINE,ORD-00034,01/05/2024,Elena,Tiara Halo,TIA-HAL8,1,REFUNDED,200
ONLINE,ORD-00034,01/05/2024,Elena,Guantes Satin,GLV-SAT9,1,REFUNDED,55
ONLINE,ORD-00034,01/05/2024,Elena,Bolero Lace,BOL-LAC2,3,PAID,260
ONLINE,ORD-00034,01/05/2024,Elena,Collar Luna,COL-LUN4,2,PAID,120
ONLINE,ORD-00035,02/11/2024,Carolina,Aretes Pearl,EAR-PRL6,1,REFUNDED,115
ONLINE,ORD-00035,02/11/2024,Carolina,Cinturon Crystal,BELT-CRY9,2,PAID,160
ONLINE,ORD-00036,02/10/2024,Gabriela,Jacket Pearl,JCK-PRL5,1,REFUNDED,360
ONLINE,ORD-00036,02/10/2024,Gabriela,Tiara Pearl,TIA-PRL2,2,PAID,230
ONLINE,ORD-00037,09/16/2024,Chloe,Vestido Luna,DRSS-LUN5,1,PAID,1500
ONLINE,ORD-00037,09/16/2024,Chloe,Vestido Valentina,DRSS-VAL8,1,REFUNDED,2100
ONLINE,ORD-00037,09/16/2024,Chloe,Aretes Crystal,EAR-CRY7,2,PAID,65
ONLINE,ORD-00037,09/16/2024,Chloe,Guantes Satin,GLV-SAT7,3,REFUNDED,95
ONLINE,ORD-00038,09/30/2025,Emma,Vestido Isabella,DRSS-ISA8,1,CANCELLED,1700
ONLINE,ORD-00038,09/30/2025,Emma,Velo Pearl,VEL-PRL7,2,PAID,580
ONLINE,ORD-00039,06/12/2025,Amanda,Velo Luna,VEL-LUN4,1,CANCELLED,500
ONLINE,ORD-00039,06/12/2025,Amanda,Jacket Pearl,JCK-PRL5,1,CANCELLED,300
ONLINE,ORD-00039,06/12/2025,Amanda,Aretes Pearl,EAR-PRL6,3,PAID,75
ONLINE,ORD-00039,06/12/2025,Amanda,Vestido Isabella,DRSS-ISA7,1,PAID,1900
ONLINE,ORD-00040,10/12/2024,Laura,Vestido Valentina,DRSS-VAL9,1,PAID,2100
ONLINE,ORD-00040,10/12/2024,Laura,Velo Luna,VEL-LUN4,2,PAID,480
ONLINE,ORD-00040,10/12/2024,Laura,Velo Classic,VEL-CLA7,2,CANCELLED,350
ONLINE,ORD-00040,10/12/2024,Laura,Guantes Satin,GLV-SAT3,2,CANCELLED,75
ONLINE,ORD-00041,06/27/2024,Vanessa,Vestido Aurora,DRSS-AUR1,1,PAID,1350
ONLINE,ORD-00041,06/27/2024,Vanessa,Vestido Valentina,DRSS-VAL3,1,PAID,2000
ONLINE,ORD-00041,06/27/2024,Vanessa,Cinturon Crystal,BELT-CRY9,1,CANCELLED,180
ONLINE,ORD-00041,06/27/2024,Vanessa,Vestido Bella,DRSS-BEL3,1,PAID,1550
ONLINE,ORD-00041,06/27/2024,Vanessa,Vestido Grace,DRSS-GRA4,1,CANCELLED,2300
ONLINE,ORD-00042,07/09/2024,Zoe,Cinturon Crystal,BELT-CRY3,2,CANCELLED,180
ONLINE,ORD-00042,07/09/2024,Zoe,Tiara Pearl,TIA-PRL2,3,PAID,290
ONLINE,ORD-00043,11/27/2024,Victoria,Vestido Milena,DRSS-MIL1,1,PAID,1250
ONLINE,ORD-00043,11/27/2024,Victoria,Collar Pearl,COL-PRL2,2,PENDING,180
ONLINE,ORD-00044,11/14/2024,Victoria,Collar Luna,COL-LUN1,1,PENDING,80
ONLINE,ORD-00044,11/14/2024,Victoria,Anillo Halo,RNG-HAL5,2,PENDING,30
ONLINE,ORD-00044,11/14/2024,Victoria,Vestido Camila,DRSS-CAM1,1,PAID,1900
ONLINE,ORD-00044,11/14/2024,Victoria,Velo Pearl,VEL-PRL6,2,PAID,620
ONLINE,ORD-00045,01/14/2026,Maria,Vestido Camila,DRSS-CAM3,1,PAID,2000
ONLINE,ORD-00045,01/14/2026,Maria,Vestido Emilia,DRSS-EMI6,1,PENDING,1800
ONLINE,ORD-00046,06/04/2024,Olivia,Cinturon Pearl,BELT-PRL2,1,PENDING,180
ONLINE,ORD-00046,06/04/2024,Olivia,Vestido Isabella,DRSS-ISA4,1,PAID,1750
ONLINE,ORD-00047,10/01/2025,Sarah,Vestido Sofia,DRSS-SOF7,1,PAID,1400
ONLINE,ORD-00047,10/01/2025,Sarah,Guantes Satin,GLV-SAT6,1,PAID,95
ONLINE,ORD-00047,10/01/2025,Sarah,Vestido Aurora,DRSS-AUR6,1,PENDING,1300
ONLINE,ORD-00047,10/01/2025,Sarah,Bolero Lace,BOL-LAC5,1,PENDING,260
ONLINE,ORD-00047,10/01/2025,Sarah,Aretes Pearl,EAR-PRL9,2,PAID,115
ONLINE,ORD-00048,07/04/2025,Amanda,Bolero Lace,BOL-LAC9,2,CANCELLED,260
ONLINE,ORD-00048,07/04/2025,Amanda,Velo Classic,VEL-CLA3,3,CANCELLED,370
ONLINE,ORD-00048,07/04/2025,Amanda,Cinturon Crystal,BELT-CRY3,2,REFUNDED,160
ONLINE,ORD-00049,04/04/2025,Lucia,Aretes Pearl,EAR-PRL2,1,CANCELLED,75
ONLINE,ORD-00049,04/04/2025,Lucia,Velo Pearl,VEL-PRL2,2,CANCELLED,640
ONLINE,ORD-00049,04/04/2025,Lucia,Bolero Lace,BOL-LAC4,3,REFUNDED,300
ONLINE,ORD-00049,04/04/2025,Lucia,Velo Pearl,VEL-PRL7,3,CANCELLED,580
ONLINE,ORD-00049,04/04/2025,Lucia,Velo Pearl,VEL-PRL3,1,REFUNDED,600
ONLINE,ORD-00050,03/14/2024,Vanessa,Bolero Lace,BOL-LAC7,3,CANCELLED,300
ONLINE,ORD-00050,03/14/2024,Vanessa,Velo Aurora,VEL-AUR1,1,REFUNDED,470
ONLINE,ORD-00051,04/15/2026,Megan,Vestido Sofia,DRSS-SOF4,1,CANCELLED,1400
ONLINE,ORD-00051,04/15/2026,Megan,Vestido Camila,DRSS-CAM8,1,REFUNDED,1900
ONLINE,ORD-00051,04/15/2026,Megan,Collar Pearl,COL-PRL8,2,REFUNDED,140
ONLINE,ORD-00052,02/08/2024,Ariana,Tiara Pearl,TIA-PRL4,2,REFUNDED,270
ONLINE,ORD-00052,02/08/2024,Ariana,Vestido Milena,DRSS-MIL2,1,CANCELLED,1300
ONLINE,ORD-00052,02/08/2024,Ariana,Vestido Bella,DRSS-BEL7,1,CANCELLED,1400
ONLINE,ORD-00052,02/08/2024,Ariana,Velo Aurora,VEL-AUR2,1,CANCELLED,470
ONLINE,ORD-00052,02/08/2024,Ariana,Aretes Crystal,EAR-CRY8,1,REFUNDED,125
ONLINE,ORD-00053,02/17/2025,Lily,Velo Luna,VEL-LUN4,1,REFUNDED,520
ONLINE,ORD-00053,02/17/2025,Lily,Vestido Camila,DRSS-CAM1,1,REFUNDED,1900
ONLINE,ORD-00053,02/17/2025,Lily,Vestido Grace,DRSS-GRA9,1,PENDING,2200
ONLINE,ORD-00053,02/17/2025,Lily,Aretes Pearl,EAR-PRL6,1,PENDING,135
ONLINE,ORD-00053,02/17/2025,Lily,Collar Pearl,COL-PRL4,1,REFUNDED,160
ONLINE,ORD-00054,08/25/2024,Laura,Vestido Isabella,DRSS-ISA2,1,REFUNDED,1700
ONLINE,ORD-00054,08/25/2024,Laura,Bolero Lace,BOL-LAC7,1,PENDING,320
ONLINE,ORD-00054,08/25/2024,Laura,Cinturon Crystal,BELT-CRY6,3,REFUNDED,180
ONLINE,ORD-00054,08/25/2024,Laura,Vestido Milena,DRSS-MIL8,1,PENDING,1250
ONLINE,ORD-00054,08/25/2024,Laura,Velo Pearl,VEL-PRL2,1,PENDING,640
ONLINE,ORD-00055,10/31/2025,Andrea,Guantes Satin,GLV-SAT2,3,REFUNDED,115
ONLINE,ORD-00055,10/31/2025,Andrea,Velo Luna,VEL-LUN7,3,PENDING,540
ONLINE,ORD-00055,10/31/2025,Andrea,Vestido Isabella,DRSS-ISA3,1,REFUNDED,1750
ONLINE,ORD-00055,10/31/2025,Andrea,Anillo Halo,RNG-HAL1,2,PENDING,90
ONLINE,ORD-00056,08/06/2025,Lily,Guantes Satin,GLV-SAT3,3,PENDING,115
ONLINE,ORD-00056,08/06/2025,Lily,Velo Aurora,VEL-AUR6,1,REFUNDED,430
ONLINE,ORD-00056,08/06/2025,Lily,Tiara Halo,TIA-HAL5,1,PENDING,200
ONLINE,ORD-00056,08/06/2025,Lily,Vestido Luna,DRSS-LUN9,1,REFUNDED,1500
ONLINE,ORD-00056,08/06/2025,Lily,Vestido Aurora,DRSS-AUR8,1,PENDING,1300
ONLINE,ORD-00057,09/18/2025,Mia,Cinturon Crystal,BELT-CRY6,3,PENDING,200
ONLINE,ORD-00057,09/18/2025,Mia,Vestido Emilia,DRSS-EMI4,1,REFUNDED,1750
ONLINE,ORD-00057,09/18/2025,Mia,Vestido Aurora,DRSS-AUR6,1,PENDING,1300
ONLINE,ORD-00057,09/18/2025,Mia,Velo Classic,VEL-CLA7,1,REFUNDED,350
ONLINE,ORD-00058,02/13/2026,Sofia,Anillo Halo,RNG-HAL4,1,CANCELLED,30
ONLINE,ORD-00058,02/13/2026,Sofia,Vestido Sofia,DRSS-SOF4,1,PENDING,1450
ONLINE,ORD-00058,02/13/2026,Sofia,Aretes Pearl,EAR-PRL1,2,PENDING,95
ONLINE,ORD-00059,09/01/2024,Katherine,Velo Pearl,VEL-PRL6,1,PENDING,600
ONLINE,ORD-00059,09/01/2024,Katherine,Velo Classic,VEL-CLA8,2,CANCELLED,350
ONLINE,ORD-00060,07/28/2025,Paola,Cinturon Pearl,BELT-PRL4,1,CANCELLED,200
ONLINE,ORD-00060,07/28/2025,Paola,Vestido Isabella,DRSS-ISA9,1,CANCELLED,1900
ONLINE,ORD-00060,07/28/2025,Paola,Collar Pearl,COL-PRL4,3,PENDING,140
ONLINE,ORD-00060,07/28/2025,Paola,Velo Aurora,VEL-AUR8,1,PENDING,450
ONLINE,ORD-00060,07/28/2025,Paola,Guantes Satin,GLV-SAT2,2,PENDING,75
ONLINE,ORD-00061,11/16/2024,Laura,Aretes Crystal,EAR-CRY5,2,CANCELLED,85
ONLINE,ORD-00061,11/16/2024,Laura,Vestido Aurora,DRSS-AUR8,1,PENDING,1250
ONLINE,ORD-00062,10/20/2024,Emma,Collar Pearl,COL-PRL9,3,PENDING,160
ONLINE,ORD-00062,10/20/2024,Emma,Tiara Pearl,TIA-PRL7,2,CANCELLED,270
ONLINE,ORD-00063,04/06/2026,Bianca,Vestido Emilia,DRSS-EMI4,1,CANCELLED,1650
ONLINE,ORD-00063,04/06/2026,Bianca,Velo Classic,VEL-CLA4,2,PAID,390
ONLINE,ORD-00063,04/06/2026,Bianca,Vestido Sofia,DRSS-SOF6,1,REFUNDED,1600
ONLINE,ORD-00064,07/11/2025,Sarah,Velo Luna,VEL-LUN4,1,PAID,540
ONLINE,ORD-00064,07/11/2025,Sarah,Jacket Pearl,JCK-PRL9,1,CANCELLED,300
ONLINE,ORD-00064,07/11/2025,Sarah,Vestido Bella,DRSS-BEL2,1,REFUNDED,1500
ONLINE,ORD-00065,09/05/2024,Bianca,Vestido Valentina,DRSS-VAL5,1,CANCELLED,2100
ONLINE,ORD-00065,09/05/2024,Bianca,Vestido Luna,DRSS-LUN9,1,PAID,1650
ONLINE,ORD-00065,09/05/2024,Bianca,Vestido Camila,DRSS-CAM8,1,CANCELLED,1950
ONLINE,ORD-00065,09/05/2024,Bianca,Vestido Aurora,DRSS-AUR1,1,REFUNDED,1300
ONLINE,ORD-00065,09/05/2024,Bianca,Tiara Halo,TIA-HAL5,2,PAID,200
ONLINE,ORD-00066,01/20/2025,Valentina,Vestido Bella,DRSS-BEL2,1,PAID,1500
ONLINE,ORD-00066,01/20/2025,Valentina,Tiara Pearl,TIA-PRL1,1,REFUNDED,250
ONLINE,ORD-00066,01/20/2025,Valentina,Velo Luna,VEL-LUN1,2,CANCELLED,480
ONLINE,ORD-00067,02/06/2026,Isabella,Vestido Milena,DRSS-MIL4,1,CANCELLED,1250
ONLINE,ORD-00067,02/06/2026,Isabella,Vestido Isabella,DRSS-ISA5,1,REFUNDED,1750
ONLINE,ORD-00067,02/06/2026,Isabella,Vestido Isabella,DRSS-ISA7,1,REFUNDED,1850
ONLINE,ORD-00067,02/06/2026,Isabella,Vestido Bella,DRSS-BEL5,1,CANCELLED,1350
ONLINE,ORD-00067,02/06/2026,Isabella,Tiara Halo,TIA-HAL1,1,PAID,240
ONLINE,ORD-00068,09/30/2025,Savannah,Tiara Pearl,TIA-PRL4,2,PENDING,250
ONLINE,ORD-00068,09/30/2025,Savannah,Vestido Sofia,DRSS-SOF9,1,REFUNDED,1400
ONLINE,ORD-00068,09/30/2025,Savannah,Cinturon Crystal,BELT-CRY5,3,PENDING,200
ONLINE,ORD-00068,09/30/2025,Savannah,Guantes Satin,GLV-SAT4,2,PAID,95
ONLINE,ORD-00068,09/30/2025,Savannah,Vestido Sofia,DRSS-SOF2,1,PAID,1500
ONLINE,ORD-00069,10/25/2024,Maria,Guantes Satin,GLV-SAT7,1,PENDING,95
ONLINE,ORD-00069,10/25/2024,Maria,Bolero Lace,BOL-LAC3,1,PAID,280
ONLINE,ORD-00069,10/25/2024,Maria,Tiara Pearl,TIA-PRL1,1,PAID,290
ONLINE,ORD-00069,10/25/2024,Maria,Vestido Isabella,DRSS-ISA6,1,REFUNDED,1750
ONLINE,ORD-00070,07/02/2024,Hannah,Cinturon Crystal,BELT-CRY4,1,REFUNDED,180
ONLINE,ORD-00070,07/02/2024,Hannah,Anillo Halo,RNG-HAL5,2,PAID,90
ONLINE,ORD-00070,07/02/2024,Hannah,Bolero Lace,BOL-LAC8,3,REFUNDED,320
ONLINE,ORD-00070,07/02/2024,Hannah,Collar Pearl,COL-PRL2,1,PENDING,140
ONLINE,ORD-00070,07/02/2024,Hannah,Vestido Emilia,DRSS-EMI5,1,PENDING,1850
ONLINE,ORD-00071,04/07/2024,Claudia,Vestido Milena,DRSS-MIL4,1,PENDING,1200
ONLINE,ORD-00071,04/07/2024,Claudia,Velo Luna,VEL-LUN2,2,REFUNDED,500
ONLINE,ORD-00071,04/07/2024,Claudia,Velo Aurora,VEL-AUR3,2,PENDING,450
ONLINE,ORD-00071,04/07/2024,Claudia,Jacket Pearl,JCK-PRL6,2,PAID,360
ONLINE,ORD-00072,05/11/2024,Jessica,Vestido Grace,DRSS-GRA3,1,PENDING,2300
ONLINE,ORD-00072,05/11/2024,Jessica,Anillo Halo,RNG-HAL9,1,REFUNDED,70
ONLINE,ORD-00072,05/11/2024,Jessica,Vestido Camila,DRSS-CAM1,1,PAID,2050
ONLINE,ORD-00073,07/16/2024,Hannah,Anillo Halo,RNG-HAL7,1,PAID,30
ONLINE,ORD-00073,07/16/2024,Hannah,Velo Pearl,VEL-PRL2,1,CANCELLED,600
ONLINE,ORD-00073,07/16/2024,Hannah,Cinturon Pearl,BELT-PRL6,2,PENDING,200
ONLINE,ORD-00074,04/30/2025,Jessica,Vestido Milena,DRSS-MIL2,1,PAID,1300
ONLINE,ORD-00074,04/30/2025,Jessica,Aretes Crystal,EAR-CRY2,1,PENDING,65
ONLINE,ORD-00074,04/30/2025,Jessica,Vestido Grace,DRSS-GRA9,1,PAID,2300
ONLINE,ORD-00074,04/30/2025,Jessica,Vestido Milena,DRSS-MIL6,1,PENDING,1300
ONLINE,ORD-00074,04/30/2025,Jessica,Collar Pearl,COL-PRL6,2,CANCELLED,180
ONLINE,ORD-00075,02/07/2024,Megan,Vestido Sofia,DRSS-SOF6,1,PENDING,1600
ONLINE,ORD-00075,02/07/2024,Megan,Velo Classic,VEL-CLA3,2,PAID,390
ONLINE,ORD-00075,02/07/2024,Megan,Vestido Emilia,DRSS-EMI6,1,CANCELLED,1700
ONLINE,ORD-00076,02/09/2025,Jessica,Tiara Halo,TIA-HAL9,1,PAID,240
ONLINE,ORD-00076,02/09/2025,Jessica,Guantes Satin,GLV-SAT3,1,PENDING,75
ONLINE,ORD-00076,02/09/2025,Jessica,Velo Luna,VEL-LUN2,2,CANCELLED,500
ONLINE,ORD-00076,02/09/2025,Jessica,Tiara Halo,TIA-HAL7,2,PENDING,220
ONLINE,ORD-00077,02/21/2025,Rachel,Velo Luna,VEL-LUN4,1,PENDING,500
ONLINE,ORD-00077,02/21/2025,Rachel,Collar Luna,COL-LUN1,3,CANCELLED,120
ONLINE,ORD-00077,02/21/2025,Rachel,Vestido Camila,DRSS-CAM2,1,PAID,2050
ONLINE,ORD-00078,08/07/2025,Ariana,Vestido Isabella,DRSS-ISA8,1,PENDING,1800
ONLINE,ORD-00078,08/07/2025,Ariana,Vestido Isabella,DRSS-ISA4,1,REFUNDED,1700
ONLINE,ORD-00078,08/07/2025,Ariana,Tiara Halo,TIA-HAL6,1,CANCELLED,240
ONLINE,ORD-00078,08/07/2025,Ariana,Vestido Bella,DRSS-BEL1,1,PAID,1450
ONLINE,ORD-00079,04/12/2026,Savannah,Aretes Pearl,EAR-PRL6,1,REFUNDED,135
ONLINE,ORD-00079,04/12/2026,Savannah,Cinturon Crystal,BELT-CRY4,1,CANCELLED,160
ONLINE,ORD-00079,04/12/2026,Savannah,Tiara Halo,TIA-HAL1,1,PAID,220
ONLINE,ORD-00079,04/12/2026,Savannah,Jacket Pearl,JCK-PRL6,1,PENDING,300
ONLINE,ORD-00080,04/08/2026,Paola,Velo Pearl,VEL-PRL2,2,REFUNDED,640
ONLINE,ORD-00080,04/08/2026,Paola,Vestido Aurora,DRSS-AUR8,1,CANCELLED,1250
ONLINE,ORD-00080,04/08/2026,Paola,Bolero Lace,BOL-LAC6,1,PAID,300
ONLINE,ORD-00080,04/08/2026,Paola,Vestido Isabella,DRSS-ISA9,1,PENDING,1700
ONLINE,ORD-00081,01/28/2026,Carolina,Bolero Lace,BOL-LAC3,1,CANCELLED,260
ONLINE,ORD-00081,01/28/2026,Carolina,Vestido Isabella,DRSS-ISA1,1,PAID,1850
ONLINE,ORD-00081,01/28/2026,Carolina,Vestido Emilia,DRSS-EMI2,1,PENDING,1750
ONLINE,ORD-00081,01/28/2026,Carolina,Collar Pearl,COL-PRL8,1,REFUNDED,120
ONLINE,ORD-00082,07/02/2025,Daniela,Vestido Sofia,DRSS-SOF1,1,CANCELLED,1450
ONLINE,ORD-00082,07/02/2025,Daniela,Velo Luna,VEL-LUN8,2,PAID,500
ONLINE,ORD-00082,07/02/2025,Daniela,Collar Luna,COL-LUN2,2,REFUNDED,100
ONLINE,ORD-00082,07/02/2025,Daniela,Vestido Grace,DRSS-GRA5,1,PENDING,2400
ONLINE,ORD-00083,02/28/2024,Victoria,Vestido Sofia,DRSS-SOF3,1,PAID,1400
ONLINE,ORD-00083,02/28/2024,Victoria,Cinturon Pearl,BELT-PRL8,1,PAID,180
ONLINE,ORD-00083,02/28/2024,Victoria,Vestido Emilia,DRSS-EMI1,1,PAID,1850
ONLINE,ORD-00083,02/28/2024,Victoria,Vestido Emilia,DRSS-EMI9,1,PAID,1750
ONLINE,ORD-00084,03/01/2024,Vanessa,Anillo Halo,RNG-HAL3,1,CANCELLED,90
ONLINE,ORD-00084,03/01/2024,Vanessa,Jacket Pearl,JCK-PRL9,2,PENDING,320
ONLINE,ORD-00084,03/01/2024,Vanessa,Tiara Halo,TIA-HAL8,2,PENDING,200
ONLINE,ORD-00084,03/01/2024,Vanessa,Vestido Grace,DRSS-GRA9,1,PENDING,2200
ONLINE,ORD-00084,03/01/2024,Vanessa,Vestido Emilia,DRSS-EMI3,1,CANCELLED,1700
ONLINE,ORD-00085,03/01/2025,Isabella,Velo Classic,VEL-CLA7,1,CANCELLED,390
ONLINE,ORD-00085,03/01/2025,Isabella,Velo Aurora,VEL-AUR7,1,REFUNDED,430
ONLINE,ORD-00085,03/01/2025,Isabella,Cinturon Pearl,BELT-PRL6,2,PAID,220
ONLINE,ORD-00085,03/01/2025,Isabella,Vestido Emilia,DRSS-EMI2,1,REFUNDED,1700
ONLINE,ORD-00085,03/01/2025,Isabella,Aretes Pearl,EAR-PRL7,2,CANCELLED,115
ONLINE,ORD-00086,07/01/2024,Vanessa,Vestido Bella,DRSS-BEL2,1,REFUNDED,1400
ONLINE,ORD-00086,07/01/2024,Vanessa,Vestido Isabella,DRSS-ISA1,1,REFUNDED,1900
ONLINE,ORD-00086,07/01/2024,Vanessa,Velo Pearl,VEL-PRL5,1,REFUNDED,580
ONLINE,ORD-00087,12/28/2024,Andrea,Vestido Luna,DRSS-LUN4,1,CANCELLED,1600
ONLINE,ORD-00087,12/28/2024,Andrea,Vestido Milena,DRSS-MIL4,1,CANCELLED,1200
ONLINE,ORD-00088,01/01/2024,Maria,Velo Classic,VEL-CLA4,1,REFUNDED,330
ONLINE,ORD-00088,01/01/2024,Maria,Vestido Milena,DRSS-MIL5,1,CANCELLED,1300
ONLINE,ORD-00088,01/01/2024,Maria,Jacket Pearl,JCK-PRL1,2,PAID,340
ONLINE,ORD-00088,01/01/2024,Maria,Cinturon Pearl,BELT-PRL1,1,REFUNDED,200
ONLINE,ORD-00089,07/08/2024,Paola,Guantes Satin,GLV-SAT2,2,CANCELLED,55
ONLINE,ORD-00089,07/08/2024,Paola,Tiara Halo,TIA-HAL1,1,CANCELLED,260
ONLINE,ORD-00089,07/08/2024,Paola,Vestido Valentina,DRSS-VAL4,1,CANCELLED,2200
ONLINE,ORD-00090,12/06/2024,Lily,Vestido Sofia,DRSS-SOF3,1,PENDING,1400
ONLINE,ORD-00090,12/06/2024,Lily,Vestido Emilia,DRSS-EMI1,1,PENDING,1700
ONLINE,ORD-00091,04/28/2025,Daniela,Tiara Halo,TIA-HAL5,1,CANCELLED,200
ONLINE,ORD-00091,04/28/2025,Daniela,Tiara Halo,TIA-HAL3,2,PAID,260
ONLINE,ORD-00091,04/28/2025,Daniela,Guantes Satin,GLV-SAT4,2,PAID,75
ONLINE,ORD-00091,04/28/2025,Daniela,Vestido Aurora,DRSS-AUR2,1,CANCELLED,1450
ONLINE,ORD-00092,06/19/2025,Melissa,Velo Pearl,VEL-PRL7,1,PENDING,640
ONLINE,ORD-00093,06/23/2024,Victoria,Vestido Bella,DRSS-BEL4,1,PENDING,1400
ONLINE,ORD-00094,08/13/2025,Savannah,Tiara Pearl,TIA-PRL5,1,PAID,270
ONLINE,ORD-00094,08/13/2025,Savannah,Vestido Aurora,DRSS-AUR8,1,PAID,1300
ONLINE,ORD-00095,11/14/2025,Amanda,Cinturon Pearl,BELT-PRL2,1,PAID,220
ONLINE,ORD-00095,11/14/2025,Amanda,Vestido Bella,DRSS-BEL5,1,PAID,1450
ONLINE,ORD-00095,11/14/2025,Amanda,Vestido Bella,DRSS-BEL1,1,PAID,1400
ONLINE,ORD-00095,11/14/2025,Amanda,Vestido Grace,DRSS-GRA6,1,PAID,2250
ONLINE,ORD-00095,11/14/2025,Amanda,Aretes Crystal,EAR-CRY3,2,PAID,85
ONLINE,ORD-00096,03/17/2025,Lily,Tiara Pearl,TIA-PRL5,2,PENDING,270
ONLINE,ORD-00096,03/17/2025,Lily,Vestido Valentina,DRSS-VAL5,1,PENDING,2200
ONLINE,ORD-00096,03/17/2025,Lily,Cinturon Pearl,BELT-PRL9,1,PENDING,200
ONLINE,ORD-00096,03/17/2025,Lily,Aretes Pearl,EAR-PRL6,3,PENDING,135
ONLINE,ORD-00096,03/17/2025,Lily,Cinturon Pearl,BELT-PRL6,3,PENDING,220
ONLINE,ORD-00097,03/06/2024,Grace,Vestido Sofia,DRSS-SOF1,1,PENDING,1600
ONLINE,ORD-00097,03/06/2024,Grace,Vestido Bella,DRSS-BEL4,1,PENDING,1550
ONLINE,ORD-00097,03/06/2024,Grace,Vestido Milena,DRSS-MIL9,1,PENDING,1200
ONLINE,ORD-00097,03/06/2024,Grace,Anillo Halo,RNG-HAL1,1,PENDING,50
ONLINE,ORD-00097,03/06/2024,Grace,Collar Luna,COL-LUN2,3,PENDING,100
ONLINE,ORD-00098,09/13/2024,Savannah,Vestido Milena,DRSS-MIL5,1,REFUNDED,1100
ONLINE,ORD-00098,09/13/2024,Savannah,Vestido Sofia,DRSS-SOF5,1,PAID,1500
ONLINE,ORD-00098,09/13/2024,Savannah,Vestido Sofia,DRSS-SOF1,1,REFUNDED,1400
ONLINE,ORD-00099,11/13/2024,Bianca,Cinturon Pearl,BELT-PRL2,2,PENDING,220
ONLINE,ORD-00099,11/13/2024,Bianca,Vestido Valentina,DRSS-VAL5,1,PENDING,2000
ONLINE,ORD-00100,01/10/2026,Savannah,Velo Pearl,VEL-PRL7,1,CANCELLED,620
ONLINE,ORD-00100,01/10/2026,Savannah,Tiara Pearl,TIA-PRL6,1,CANCELLED,290
ONLINE,ORD-00100,01/10/2026,Savannah,Vestido Milena,DRSS-MIL1,1,CANCELLED,1250
ONLINE,ORD-00101,03/27/2024,Grace,Vestido Grace,DRSS-GRA6,1,REFUNDED,2350
ONLINE,ORD-00101,03/27/2024,Grace,Tiara Pearl,TIA-PRL8,1,REFUNDED,270
ONLINE,ORD-00101,03/27/2024,Grace,Vestido Aurora,DRSS-AUR1,1,REFUNDED,1250
ONLINE,ORD-00102,04/22/2026,Jessica,Aretes Crystal,EAR-CRY6,1,REFUNDED,105
ONLINE,ORD-00102,04/22/2026,Jessica,Anillo Halo,RNG-HAL8,1,REFUNDED,30
ONLINE,ORD-00102,04/22/2026,Jessica,Velo Pearl,VEL-PRL1,2,REFUNDED,640
ONLINE,ORD-00103,12/12/2024,Andrea,Vestido Valentina,DRSS-VAL5,1,PENDING,2050
ONLINE,ORD-00103,12/12/2024,Andrea,Vestido Valentina,DRSS-VAL3,1,PENDING,2150
ONLINE,ORD-00103,12/12/2024,Andrea,Velo Luna,VEL-LUN8,1,PENDING,500
ONLINE,ORD-00103,12/12/2024,Andrea,Vestido Emilia,DRSS-EMI1,1,PENDING,1750
ONLINE,ORD-00104,05/27/2024,Emma,Tiara Pearl,TIA-PRL4,1,PENDING,290
ONLINE,ORD-00105,02/10/2024,Mariana,Collar Luna,COL-LUN9,1,CANCELLED,140
ONLINE,ORD-00105,02/10/2024,Mariana,Vestido Isabella,DRSS-ISA8,1,CANCELLED,1800
ONLINE,ORD-00105,02/10/2024,Mariana,Vestido Grace,DRSS-GRA5,1,CANCELLED,2250
ONLINE,ORD-00105,02/10/2024,Mariana,Tiara Pearl,TIA-PRL4,3,CANCELLED,290
ONLINE,ORD-00105,02/10/2024,Mariana,Aretes Pearl,EAR-PRL7,1,CANCELLED,135
ONLINE,ORD-00106,07/24/2024,Chloe,Vestido Milena,DRSS-MIL2,1,REFUNDED,1250
ONLINE,ORD-00107,01/13/2025,Sofia,Velo Pearl,VEL-PRL5,2,CANCELLED,620
ONLINE,ORD-00108,02/24/2024,Gabriela,Guantes Satin,GLV-SAT9,1,PAID,95
ONLINE,ORD-00108,02/24/2024,Gabriela,Vestido Milena,DRSS-MIL8,1,PENDING,1200
ONLINE,ORD-00109,08/05/2024,Daniela,Cinturon Pearl,BELT-PRL9,2,REFUNDED,200
ONLINE,ORD-00109,08/05/2024,Daniela,Cinturon Crystal,BELT-CRY2,1,REFUNDED,200
ONLINE,ORD-00110,07/23/2024,Chloe,Aretes Crystal,EAR-CRY2,1,PAID,125
ONLINE,ORD-00110,07/23/2024,Chloe,Bolero Lace,BOL-LAC7,3,PAID,260
ONLINE,ORD-00110,07/23/2024,Chloe,Vestido Grace,DRSS-GRA4,1,PAID,2350
ONLINE,ORD-00110,07/23/2024,Chloe,Tiara Halo,TIA-HAL5,1,PAID,260
ONLINE,ORD-00111,03/20/2026,Vanessa,Velo Pearl,VEL-PRL3,1,REFUNDED,620
ONLINE,ORD-00111,03/20/2026,Vanessa,Velo Aurora,VEL-AUR6,2,REFUNDED,430
ONLINE,ORD-00111,03/20/2026,Vanessa,Velo Classic,VEL-CLA8,2,REFUNDED,370
ONLINE,ORD-00112,04/09/2026,Lucia,Velo Pearl,VEL-PRL8,2,PAID,620
ONLINE,ORD-00112,04/09/2026,Lucia,Vestido Valentina,DRSS-VAL1,1,REFUNDED,2000
ONLINE,ORD-00113,07/11/2024,Emily,Velo Luna,VEL-LUN8,1,CANCELLED,520
ONLINE,ORD-00113,07/11/2024,Emily,Vestido Grace,DRSS-GRA5,1,PAID,2250
ONLINE,ORD-00113,07/11/2024,Emily,Collar Luna,COL-LUN2,2,REFUNDED,140
ONLINE,ORD-00113,07/11/2024,Emily,Bolero Lace,BOL-LAC3,1,REFUNDED,300
ONLINE,ORD-00113,07/11/2024,Emily,Aretes Pearl,EAR-PRL2,1,PAID,115
ONLINE,ORD-00114,08/07/2025,Sofia,Velo Classic,VEL-CLA8,2,PAID,370
ONLINE,ORD-00115,11/15/2024,Emma,Bolero Lace,BOL-LAC9,1,PAID,280
ONLINE,ORD-00115,11/15/2024,Emma,Vestido Milena,DRSS-MIL9,1,CANCELLED,1100
ONLINE,ORD-00115,11/15/2024,Emma,Vestido Camila,DRSS-CAM7,1,REFUNDED,2050
ONLINE,ORD-00116,05/12/2025,Lily,Vestido Emilia,DRSS-EMI5,1,PENDING,1800
ONLINE,ORD-00116,05/12/2025,Lily,Cinturon Pearl,BELT-PRL4,1,PENDING,220
ONLINE,ORD-00116,05/12/2025,Lily,Velo Pearl,VEL-PRL9,1,PENDING,620
ONLINE,ORD-00116,05/12/2025,Lily,Vestido Bella,DRSS-BEL7,1,PENDING,1450
ONLINE,ORD-00117,12/24/2025,Ariana,Aretes Crystal,EAR-CRY6,1,PENDING,85
ONLINE,ORD-00117,12/24/2025,Ariana,Vestido Valentina,DRSS-VAL5,1,PENDING,2050
ONLINE,ORD-00117,12/24/2025,Ariana,Aretes Pearl,EAR-PRL8,3,PENDING,135
ONLINE,ORD-00118,11/28/2025,Mia,Velo Pearl,VEL-PRL3,3,CANCELLED,580
ONLINE,ORD-00119,07/31/2024,Valentina,Vestido Camila,DRSS-CAM8,1,PAID,1850
ONLINE,ORD-00120,04/13/2024,Valentina,Jacket Pearl,JCK-PRL8,2,CANCELLED,340
ONLINE,ORD-00120,04/13/2024,Valentina,Velo Luna,VEL-LUN1,1,CANCELLED,540
ONLINE,ORD-00120,04/13/2024,Valentina,Collar Pearl,COL-PRL2,3,CANCELLED,160
ONLINE,ORD-00121,11/19/2025,Hannah,Guantes Satin,GLV-SAT2,2,CANCELLED,75
ONLINE,ORD-00121,11/19/2025,Hannah,Aretes Crystal,EAR-CRY6,1,CANCELLED,125
ONLINE,ORD-00122,09/16/2024,Vanessa,Jacket Pearl,JCK-PRL8,1,PAID,320
ONLINE,ORD-00122,09/16/2024,Vanessa,Vestido Luna,DRSS-LUN5,1,PAID,1500
ONLINE,ORD-00122,09/16/2024,Vanessa,Anillo Halo,RNG-HAL2,3,PENDING,50
ONLINE,ORD-00122,09/16/2024,Vanessa,Vestido Valentina,DRSS-VAL9,1,CANCELLED,2100
ONLINE,ORD-00122,09/16/2024,Vanessa,Vestido Valentina,DRSS-VAL8,1,REFUNDED,2100
ONLINE,ORD-00123,06/26/2024,Chloe,Jacket Pearl,JCK-PRL3,1,REFUNDED,320
ONLINE,ORD-00123,06/26/2024,Chloe,Tiara Halo,TIA-HAL4,1,REFUNDED,220
ONLINE,ORD-00123,06/26/2024,Chloe,Tiara Halo,TIA-HAL5,1,REFUNDED,220
ONLINE,ORD-00123,06/26/2024,Chloe,Vestido Sofia,DRSS-SOF3,1,REFUNDED,1400
ONLINE,ORD-00123,06/26/2024,Chloe,Aretes Pearl,EAR-PRL7,1,REFUNDED,75
ONLINE,ORD-00124,03/22/2026,Isabella,Vestido Camila,DRSS-CAM5,1,CANCELLED,1950
ONLINE,ORD-00124,03/22/2026,Isabella,Velo Classic,VEL-CLA4,3,CANCELLED,330
ONLINE,ORD-00124,03/22/2026,Isabella,Velo Luna,VEL-LUN4,3,REFUNDED,480
ONLINE,ORD-00124,03/22/2026,Isabella,Velo Classic,VEL-CLA2,2,REFUNDED,330
ONLINE,ORD-00125,02/15/2026,Victoria,Vestido Camila,DRSS-CAM9,1,CANCELLED,1950
ONLINE,ORD-00125,02/15/2026,Victoria,Cinturon Pearl,BELT-PRL6,1,CANCELLED,220
ONLINE,ORD-00125,02/15/2026,Victoria,Vestido Camila,DRSS-CAM1,1,PENDING,1950
ONLINE,ORD-00125,02/15/2026,Victoria,Aretes Crystal,EAR-CRY9,1,PENDING,125
ONLINE,ORD-00126,03/15/2026,Claudia,Cinturon Crystal,BELT-CRY9,2,REFUNDED,200
ONLINE,ORD-00126,03/15/2026,Claudia,Vestido Luna,DRSS-LUN7,1,PAID,1650
ONLINE,ORD-00127,12/08/2024,Ariana,Velo Aurora,VEL-AUR2,1,REFUNDED,430
ONLINE,ORD-00127,12/08/2024,Ariana,Vestido Milena,DRSS-MIL9,1,REFUNDED,1200
ONLINE,ORD-00127,12/08/2024,Ariana,Jacket Pearl,JCK-PRL9,1,REFUNDED,300
ONLINE,ORD-00128,09/21/2024,Mia,Anillo Halo,RNG-HAL4,1,PAID,70
ONLINE,ORD-00128,09/21/2024,Mia,Tiara Halo,TIA-HAL1,1,PAID,260
ONLINE,ORD-00128,09/21/2024,Mia,Vestido Milena,DRSS-MIL7,1,PAID,1100
ONLINE,ORD-00129,06/16/2025,Ariana,Collar Pearl,COL-PRL1,3,PAID,180
ONLINE,ORD-00129,06/16/2025,Ariana,Bolero Lace,BOL-LAC6,2,CANCELLED,300
ONLINE,ORD-00129,06/16/2025,Ariana,Vestido Aurora,DRSS-AUR9,1,CANCELLED,1400
ONLINE,ORD-00129,06/16/2025,Ariana,Bolero Lace,BOL-LAC2,2,PAID,300
ONLINE,ORD-00130,07/15/2024,Camila,Aretes Pearl,EAR-PRL2,1,CANCELLED,115
ONLINE,ORD-00131,04/17/2024,Emily,Cinturon Pearl,BELT-PRL6,1,REFUNDED,240
ONLINE,ORD-00132,08/03/2025,Melissa,Vestido Emilia,DRSS-EMI9,1,PENDING,1650
ONLINE,ORD-00132,08/03/2025,Melissa,Jacket Pearl,JCK-PRL1,2,PENDING,340
ONLINE,ORD-00132,08/03/2025,Melissa,Tiara Halo,TIA-HAL4,3,PAID,220
ONLINE,ORD-00132,08/03/2025,Melissa,Tiara Halo,TIA-HAL1,3,CANCELLED,260
ONLINE,ORD-00132,08/03/2025,Melissa,Vestido Aurora,DRSS-AUR1,1,PAID,1350
ONLINE,ORD-00133,02/19/2026,Rachel,Collar Luna,COL-LUN3,1,CANCELLED,120
ONLINE,ORD-00133,02/19/2026,Rachel,Cinturon Pearl,BELT-PRL6,3,CANCELLED,200
ONLINE,ORD-00133,02/19/2026,Rachel,Vestido Luna,DRSS-LUN4,1,CANCELLED,1600
ONLINE,ORD-00133,02/19/2026,Rachel,Collar Luna,COL-LUN6,1,CANCELLED,120
ONLINE,ORD-00134,06/30/2024,Natalia,Cinturon Crystal,BELT-CRY5,2,REFUNDED,180
ONLINE,ORD-00135,02/03/2026,Paola,Vestido Emilia,DRSS-EMI1,1,PAID,1850
ONLINE,ORD-00135,02/03/2026,Paola,Vestido Valentina,DRSS-VAL3,1,PAID,2000
ONLINE,ORD-00135,02/03/2026,Paola,Vestido Grace,DRSS-GRA4,1,PAID,2350
ONLINE,ORD-00136,01/21/2026,Jessica,Vestido Grace,DRSS-GRA8,1,CANCELLED,2350
ONLINE,ORD-00136,01/21/2026,Jessica,Velo Pearl,VEL-PRL3,1,CANCELLED,640
ONLINE,ORD-00137,08/15/2024,Mia,Vestido Emilia,DRSS-EMI2,1,CANCELLED,1800
ONLINE,ORD-00137,08/15/2024,Mia,Vestido Bella,DRSS-BEL3,1,CANCELLED,1350
ONLINE,ORD-00137,08/15/2024,Mia,Cinturon Crystal,BELT-CRY9,1,CANCELLED,160
ONLINE,ORD-00137,08/15/2024,Mia,Velo Pearl,VEL-PRL1,1,CANCELLED,580
ONLINE,ORD-00138,06/01/2024,Victoria,Vestido Grace,DRSS-GRA6,1,PAID,2300
ONLINE,ORD-00138,06/01/2024,Victoria,Vestido Emilia,DRSS-EMI6,1,REFUNDED,1700
ONLINE,ORD-00138,06/01/2024,Victoria,Jacket Pearl,JCK-PRL7,1,PENDING,300
ONLINE,ORD-00138,06/01/2024,Victoria,Vestido Sofia,DRSS-SOF4,1,PAID,1450
ONLINE,ORD-00138,06/01/2024,Victoria,Vestido Valentina,DRSS-VAL2,1,PENDING,2100
ONLINE,ORD-00139,04/18/2025,Megan,Vestido Sofia,DRSS-SOF5,1,PENDING,1400
ONLINE,ORD-00139,04/18/2025,Megan,Velo Classic,VEL-CLA3,3,CANCELLED,370
ONLINE,ORD-00140,10/23/2024,Melissa,Vestido Bella,DRSS-BEL3,1,REFUNDED,1350
ONLINE,ORD-00141,05/21/2024,Mia,Cinturon Pearl,BELT-PRL9,1,PAID,220
ONLINE,ORD-00142,03/10/2026,Megan,Velo Classic,VEL-CLA6,1,PENDING,370
ONLINE,ORD-00143,05/22/2025,Sarah,Vestido Sofia,DRSS-SOF2,1,REFUNDED,1500
ONLINE,ORD-00144,09/23/2024,Grace,Velo Pearl,VEL-PRL1,2,REFUNDED,640
ONLINE,ORD-00144,09/23/2024,Grace,Vestido Valentina,DRSS-VAL4,1,PAID,2050
ONLINE,ORD-00145,11/28/2025,Camila,Vestido Grace,DRSS-GRA8,1,REFUNDED,2400
ONLINE,ORD-00145,11/28/2025,Camila,Vestido Bella,DRSS-BEL2,1,PENDING,1550
ONLINE,ORD-00145,11/28/2025,Camila,Vestido Valentina,DRSS-VAL4,1,PENDING,2200
ONLINE,ORD-00145,11/28/2025,Camila,Velo Luna,VEL-LUN2,2,REFUNDED,500
ONLINE,ORD-00146,09/29/2025,Chloe,Cinturon Crystal,BELT-CRY5,1,REFUNDED,200
ONLINE,ORD-00146,09/29/2025,Chloe,Aretes Crystal,EAR-CRY6,2,CANCELLED,105
ONLINE,ORD-00146,09/29/2025,Chloe,Vestido Aurora,DRSS-AUR1,1,PAID,1300
ONLINE,ORD-00147,06/29/2024,Bianca,Vestido Aurora,DRSS-AUR2,1,CANCELLED,1350
ONLINE,ORD-00147,06/29/2024,Bianca,Velo Pearl,VEL-PRL5,2,CANCELLED,600
ONLINE,ORD-00147,06/29/2024,Bianca,Tiara Halo,TIA-HAL5,2,CANCELLED,260
ONLINE,ORD-00148,06/19/2025,Julia,Vestido Sofia,DRSS-SOF3,1,PAID,1600
ONLINE,ORD-00148,06/19/2025,Julia,Collar Luna,COL-LUN2,2,PENDING,140
ONLINE,ORD-00148,06/19/2025,Julia,Cinturon Crystal,BELT-CRY6,1,PENDING,160
ONLINE,ORD-00149,02/25/2024,Alejandra,Aretes Pearl,EAR-PRL8,3,PENDING,135
ONLINE,ORD-00149,02/25/2024,Alejandra,Vestido Grace,DRSS-GRA8,1,CANCELLED,2400
ONLINE,ORD-00150,08/04/2024,Katherine,Cinturon Crystal,BELT-CRY3,2,CANCELLED,220
ONLINE,ORD-00150,08/04/2024,Katherine,Vestido Sofia,DRSS-SOF2,1,CANCELLED,1600
ONLINE,ORD-00150,08/04/2024,Katherine,Tiara Halo,TIA-HAL6,3,CANCELLED,260
ONLINE,ORD-00150,08/04/2024,Katherine,Anillo Halo,RNG-HAL6,2,CANCELLED,50
ONLINE,ORD-00151,04/22/2026,Ariana,Vestido Grace,DRSS-GRA1,1,PENDING,2250
ONLINE,ORD-00151,04/22/2026,Ariana,Vestido Isabella,DRSS-ISA7,1,CANCELLED,1900
ONLINE,ORD-00152,12/23/2025,Lily,Collar Pearl,COL-PRL2,1,PENDING,160
ONLINE,ORD-00152,12/23/2025,Lily,Bolero Lace,BOL-LAC7,1,REFUNDED,280
ONLINE,ORD-00152,12/23/2025,Lily,Tiara Pearl,TIA-PRL3,2,PAID,290
ONLINE,ORD-00152,12/23/2025,Lily,Aretes Pearl,EAR-PRL9,2,PENDING,135
ONLINE,ORD-00152,12/23/2025,Lily,Vestido Grace,DRSS-GRA6,1,PAID,2400
ONLINE,ORD-00153,11/11/2025,Savannah,Vestido Emilia,DRSS-EMI7,1,PAID,1700
ONLINE,ORD-00153,11/11/2025,Savannah,Vestido Camila,DRSS-CAM4,1,PENDING,2050
ONLINE,ORD-00153,11/11/2025,Savannah,Vestido Milena,DRSS-MIL9,1,PAID,1200
ONLINE,ORD-00153,11/11/2025,Savannah,Tiara Halo,TIA-HAL3,2,PENDING,200
ONLINE,ORD-00153,11/11/2025,Savannah,Aretes Crystal,EAR-CRY6,2,PENDING,65
ONLINE,ORD-00154,08/15/2024,Katherine,Collar Luna,COL-LUN7,1,PAID,120
ONLINE,ORD-00154,08/15/2024,Katherine,Vestido Aurora,DRSS-AUR4,1,PENDING,1300
ONLINE,ORD-00155,07/13/2025,Jessica,Aretes Crystal,EAR-CRY2,1,CANCELLED,65
ONLINE,ORD-00155,07/13/2025,Jessica,Vestido Emilia,DRSS-EMI1,1,CANCELLED,1650
ONLINE,ORD-00156,05/07/2026,Hannah,Velo Classic,VEL-CLA8,1,CANCELLED,350
ONLINE,ORD-00156,05/07/2026,Hannah,Vestido Grace,DRSS-GRA1,1,PENDING,2300
ONLINE,ORD-00157,11/23/2025,Paola,Anillo Halo,RNG-HAL5,1,CANCELLED,90
ONLINE,ORD-00157,11/23/2025,Paola,Vestido Grace,DRSS-GRA9,1,CANCELLED,2200
ONLINE,ORD-00157,11/23/2025,Paola,Vestido Luna,DRSS-LUN8,1,CANCELLED,1500
ONLINE,ORD-00157,11/23/2025,Paola,Velo Pearl,VEL-PRL1,1,CANCELLED,620
ONLINE,ORD-00158,09/25/2025,Hannah,Velo Luna,VEL-LUN3,1,CANCELLED,520
ONLINE,ORD-00158,09/25/2025,Hannah,Vestido Bella,DRSS-BEL5,1,REFUNDED,1400
ONLINE,ORD-00158,09/25/2025,Hannah,Tiara Halo,TIA-HAL3,3,CANCELLED,240
ONLINE,ORD-00159,06/27/2024,Victoria,Collar Pearl,COL-PRL3,2,REFUNDED,140
ONLINE,ORD-00160,01/03/2025,Zoe,Guantes Satin,GLV-SAT1,2,PENDING,95
ONLINE,ORD-00160,01/03/2025,Zoe,Anillo Halo,RNG-HAL8,3,PENDING,50
ONLINE,ORD-00161,03/22/2025,Lucia,Cinturon Crystal,BELT-CRY9,1,PAID,200
ONLINE,ORD-00161,03/22/2025,Lucia,Guantes Satin,GLV-SAT5,2,PAID,115
ONLINE,ORD-00161,03/22/2025,Lucia,Vestido Aurora,DRSS-AUR6,1,PAID,1350
ONLINE,ORD-00161,03/22/2025,Lucia,Vestido Luna,DRSS-LUN4,1,PAID,1500
ONLINE,ORD-00161,03/22/2025,Lucia,Cinturon Pearl,BELT-PRL3,1,PAID,200
ONLINE,ORD-00162,03/20/2025,Katherine,Vestido Aurora,DRSS-AUR4,1,PENDING,1300
ONLINE,ORD-00162,03/20/2025,Katherine,Velo Aurora,VEL-AUR5,3,PENDING,450
ONLINE,ORD-00162,03/20/2025,Katherine,Vestido Camila,DRSS-CAM4,1,PENDING,1950
ONLINE,ORD-00162,03/20/2025,Katherine,Velo Aurora,VEL-AUR9,3,PENDING,430
ONLINE,ORD-00163,06/28/2024,Ariana,Anillo Halo,RNG-HAL9,2,REFUNDED,70
ONLINE,ORD-00163,06/28/2024,Ariana,Jacket Pearl,JCK-PRL2,3,REFUNDED,300
ONLINE,ORD-00164,04/20/2025,Maria,Anillo Halo,RNG-HAL4,1,PENDING,70
ONLINE,ORD-00165,11/18/2025,Alejandra,Vestido Grace,DRSS-GRA6,1,PENDING,2400
ONLINE,ORD-00165,11/18/2025,Alejandra,Bolero Lace,BOL-LAC7,1,PENDING,320
ONLINE,ORD-00165,11/18/2025,Alejandra,Vestido Sofia,DRSS-SOF6,1,PENDING,1550
ONLINE,ORD-00166,01/01/2025,Mia,Tiara Pearl,TIA-PRL9,1,PENDING,250
ONLINE,ORD-00166,01/01/2025,Mia,Aretes Crystal,EAR-CRY6,1,PENDING,65
ONLINE,ORD-00167,04/19/2026,Katherine,Vestido Milena,DRSS-MIL3,1,REFUNDED,1100
ONLINE,ORD-00168,04/04/2025,Isabella,Vestido Isabella,DRSS-ISA7,1,PENDING,1700
ONLINE,ORD-00168,04/04/2025,Isabella,Tiara Pearl,TIA-PRL3,1,PENDING,290
ONLINE,ORD-00168,04/04/2025,Isabella,Vestido Camila,DRSS-CAM2,1,PENDING,2050
ONLINE,ORD-00168,04/04/2025,Isabella,Bolero Lace,BOL-LAC8,2,PENDING,320
ONLINE,ORD-00168,04/04/2025,Isabella,Velo Classic,VEL-CLA3,3,PENDING,350
ONLINE,ORD-00169,07/18/2024,Camila,Aretes Pearl,EAR-PRL7,3,REFUNDED,75
ONLINE,ORD-00169,07/18/2024,Camila,Vestido Camila,DRSS-CAM3,1,REFUNDED,1900
ONLINE,ORD-00169,07/18/2024,Camila,Tiara Pearl,TIA-PRL2,2,REFUNDED,290
ONLINE,ORD-00169,07/18/2024,Camila,Jacket Pearl,JCK-PRL8,1,REFUNDED,340
ONLINE,ORD-00170,10/29/2025,Daniela,Vestido Camila,DRSS-CAM8,1,REFUNDED,1850
ONLINE,ORD-00170,10/29/2025,Daniela,Cinturon Crystal,BELT-CRY9,2,REFUNDED,220
ONLINE,ORD-00170,10/29/2025,Daniela,Tiara Pearl,TIA-PRL9,1,CANCELLED,230
ONLINE,ORD-00170,10/29/2025,Daniela,Velo Classic,VEL-CLA1,3,CANCELLED,370
ONLINE,ORD-00171,01/10/2026,Bianca,Cinturon Pearl,BELT-PRL8,1,CANCELLED,180
ONLINE,ORD-00172,12/08/2024,Lucia,Guantes Satin,GLV-SAT3,2,PAID,95
ONLINE,ORD-00172,12/08/2024,Lucia,Jacket Pearl,JCK-PRL9,2,PAID,300
ONLINE,ORD-00172,12/08/2024,Lucia,Aretes Crystal,EAR-CRY6,1,PAID,105
ONLINE,ORD-00172,12/08/2024,Lucia,Vestido Camila,DRSS-CAM8,1,PAID,1950
ONLINE,ORD-00172,12/08/2024,Lucia,Bolero Lace,BOL-LAC6,1,PAID,260
ONLINE,ORD-00173,04/30/2026,Laura,Velo Classic,VEL-CLA8,2,REFUNDED,370
ONLINE,ORD-00173,04/30/2026,Laura,Vestido Bella,DRSS-BEL7,1,PENDING,1550
ONLINE,ORD-00173,04/30/2026,Laura,Vestido Luna,DRSS-LUN4,1,PENDING,1550
ONLINE,ORD-00174,07/11/2025,Natalia,Tiara Pearl,TIA-PRL1,1,REFUNDED,250
ONLINE,ORD-00174,07/11/2025,Natalia,Vestido Emilia,DRSS-EMI2,1,REFUNDED,1850
ONLINE,ORD-00174,07/11/2025,Natalia,Tiara Halo,TIA-HAL3,3,REFUNDED,200
ONLINE,ORD-00175,07/06/2024,Mia,Velo Aurora,VEL-AUR4,1,REFUNDED,450
ONLINE,ORD-00175,07/06/2024,Mia,Collar Pearl,COL-PRL6,1,REFUNDED,160
ONLINE,ORD-00175,07/06/2024,Mia,Collar Luna,COL-LUN9,2,REFUNDED,120
ONLINE,ORD-00175,07/06/2024,Mia,Collar Pearl,COL-PRL7,3,REFUNDED,120
ONLINE,ORD-00175,07/06/2024,Mia,Tiara Pearl,TIA-PRL8,2,REFUNDED,270
ONLINE,ORD-00176,12/29/2025,Gabriela,Velo Aurora,VEL-AUR3,1,REFUNDED,450
ONLINE,ORD-00176,12/29/2025,Gabriela,Velo Aurora,VEL-AUR3,1,REFUNDED,450
ONLINE,ORD-00176,12/29/2025,Gabriela,Guantes Satin,GLV-SAT3,2,REFUNDED,115
ONLINE,ORD-00177,02/20/2025,Claudia,Vestido Isabella,DRSS-ISA8,1,REFUNDED,1750
ONLINE,ORD-00178,10/01/2024,Sofia,Guantes Satin,GLV-SAT9,1,REFUNDED,75
ONLINE,ORD-00179,04/19/2024,Laura,Aretes Crystal,EAR-CRY7,1,REFUNDED,85
ONLINE,ORD-00179,04/19/2024,Laura,Aretes Crystal,EAR-CRY1,2,REFUNDED,125
ONLINE,ORD-00179,04/19/2024,Laura,Bolero Lace,BOL-LAC6,2,REFUNDED,320
ONLINE,ORD-00179,04/19/2024,Laura,Vestido Emilia,DRSS-EMI6,1,REFUNDED,1850
ONLINE,ORD-00180,03/01/2026,Katherine,Vestido Aurora,DRSS-AUR2,1,CANCELLED,1250
ONLINE,ORD-00180,03/01/2026,Katherine,Vestido Luna,DRSS-LUN1,1,CANCELLED,1650
ONLINE,ORD-00180,03/01/2026,Katherine,Velo Pearl,VEL-PRL6,3,PAID,600
ONLINE,ORD-00180,03/01/2026,Katherine,Vestido Camila,DRSS-CAM2,1,PAID,1900
ONLINE,ORD-00181,06/14/2024,Jessica,Tiara Pearl,TIA-PRL6,3,REFUNDED,290
ONLINE,ORD-00181,06/14/2024,Jessica,Tiara Halo,TIA-HAL1,3,REFUNDED,260
ONLINE,ORD-00181,06/14/2024,Jessica,Vestido Camila,DRSS-CAM3,1,REFUNDED,2000
ONLINE,ORD-00182,07/18/2025,Camila,Aretes Pearl,EAR-PRL2,2,PAID,95
ONLINE,ORD-00182,07/18/2025,Camila,Collar Pearl,COL-PRL5,2,REFUNDED,160
ONLINE,ORD-00182,07/18/2025,Camila,Jacket Pearl,JCK-PRL1,2,PENDING,320
ONLINE,ORD-00183,04/25/2026,Rachel,Vestido Aurora,DRSS-AUR5,1,PENDING,1250
ONLINE,ORD-00183,04/25/2026,Rachel,Vestido Emilia,DRSS-EMI5,1,PENDING,1750
ONLINE,ORD-00183,04/25/2026,Rachel,Velo Aurora,VEL-AUR1,2,PENDING,470
ONLINE,ORD-00183,04/25/2026,Rachel,Aretes Pearl,EAR-PRL3,1,PENDING,95
ONLINE,ORD-00184,07/26/2025,Zoe,Tiara Halo,TIA-HAL8,3,REFUNDED,200
ONLINE,ORD-00185,01/05/2026,Hannah,Vestido Isabella,DRSS-ISA1,1,REFUNDED,1750
ONLINE,ORD-00185,01/05/2026,Hannah,Vestido Camila,DRSS-CAM5,1,REFUNDED,2050
ONLINE,ORD-00185,01/05/2026,Hannah,Cinturon Crystal,BELT-CRY3,1,REFUNDED,220
ONLINE,ORD-00186,09/21/2025,Chloe,Collar Pearl,COL-PRL7,2,CANCELLED,160
ONLINE,ORD-00187,01/05/2026,Gabriela,Velo Pearl,VEL-PRL1,1,PENDING,620
ONLINE,ORD-00187,01/05/2026,Gabriela,Vestido Sofia,DRSS-SOF5,1,PENDING,1600
ONLINE,ORD-00187,01/05/2026,Gabriela,Vestido Isabella,DRSS-ISA2,1,PENDING,1900
ONLINE,ORD-00187,01/05/2026,Gabriela,Guantes Satin,GLV-SAT9,1,PENDING,115
ONLINE,ORD-00188,05/14/2024,Emma,Vestido Isabella,DRSS-ISA7,1,PAID,1900
ONLINE,ORD-00188,05/14/2024,Emma,Velo Pearl,VEL-PRL8,1,PENDING,640
ONLINE,ORD-00189,07/30/2024,Olivia,Tiara Pearl,TIA-PRL4,3,PAID,290
ONLINE,ORD-00189,07/30/2024,Olivia,Velo Aurora,VEL-AUR9,2,PAID,490
ONLINE,ORD-00189,07/30/2024,Olivia,Tiara Pearl,TIA-PRL2,1,PAID,270
ONLINE,ORD-00189,07/30/2024,Olivia,Collar Pearl,COL-PRL3,1,PAID,180
ONLINE,ORD-00189,07/30/2024,Olivia,Velo Classic,VEL-CLA9,1,PAID,370
ONLINE,ORD-00190,02/27/2025,Rachel,Guantes Satin,GLV-SAT4,1,REFUNDED,115
ONLINE,ORD-00190,02/27/2025,Rachel,Aretes Pearl,EAR-PRL3,1,REFUNDED,95
ONLINE,ORD-00190,02/27/2025,Rachel,Aretes Crystal,EAR-CRY4,2,REFUNDED,125
ONLINE,ORD-00190,02/27/2025,Rachel,Vestido Milena,DRSS-MIL7,1,REFUNDED,1300
ONLINE,ORD-00191,04/08/2025,Daniela,Aretes Crystal,EAR-CRY4,3,PENDING,65
ONLINE,ORD-00191,04/08/2025,Daniela,Jacket Pearl,JCK-PRL5,2,PENDING,320
ONLINE,ORD-00192,11/26/2024,Ariana,Vestido Milena,DRSS-MIL3,1,PAID,1250
ONLINE,ORD-00192,11/26/2024,Ariana,Velo Classic,VEL-CLA8,1,PAID,330
ONLINE,ORD-00192,11/26/2024,Ariana,Tiara Halo,TIA-HAL4,1,PAID,240
ONLINE,ORD-00192,11/26/2024,Ariana,Vestido Camila,DRSS-CAM6,1,PAID,1850
ONLINE,ORD-00193,02/16/2025,Natalia,Vestido Emilia,DRSS-EMI9,1,PENDING,1700
ONLINE,ORD-00193,02/16/2025,Natalia,Anillo Halo,RNG-HAL6,1,REFUNDED,70
ONLINE,ORD-00193,02/16/2025,Natalia,Vestido Aurora,DRSS-AUR5,1,PENDING,1450
ONLINE,ORD-00193,02/16/2025,Natalia,Collar Pearl,COL-PRL3,3,REFUNDED,160
ONLINE,ORD-00193,02/16/2025,Natalia,Cinturon Pearl,BELT-PRL5,1,REFUNDED,200
ONLINE,ORD-00194,06/10/2024,Emma,Aretes Pearl,EAR-PRL5,1,PENDING,135
ONLINE,ORD-00194,06/10/2024,Emma,Velo Pearl,VEL-PRL9,1,PAID,600
ONLINE,ORD-00195,01/17/2025,Victoria,Velo Pearl,VEL-PRL9,2,CANCELLED,580
ONLINE,ORD-00195,01/17/2025,Victoria,Vestido Sofia,DRSS-SOF8,1,CANCELLED,1600
ONLINE,ORD-00195,01/17/2025,Victoria,Collar Pearl,COL-PRL2,3,CANCELLED,120
ONLINE,ORD-00195,01/17/2025,Victoria,Velo Pearl,VEL-PRL9,3,CANCELLED,600
ONLINE,ORD-00195,01/17/2025,Victoria,Vestido Aurora,DRSS-AUR7,1,CANCELLED,1450
ONLINE,ORD-00196,07/12/2025,Julia,Collar Pearl,COL-PRL5,1,REFUNDED,180
ONLINE,ORD-00197,02/24/2024,Gabriela,Guantes Satin,GLV-SAT7,2,PAID,55
ONLINE,ORD-00198,12/18/2025,Emily,Aretes Crystal,EAR-CRY4,3,CANCELLED,105
ONLINE,ORD-00198,12/18/2025,Emily,Vestido Sofia,DRSS-SOF9,1,REFUNDED,1600
ONLINE,ORD-00199,05/21/2024,Emily,Bolero Lace,BOL-LAC2,2,PENDING,280
ONLINE,ORD-00199,05/21/2024,Emily,Vestido Milena,DRSS-MIL8,1,PENDING,1100
ONLINE,ORD-00200,02/01/2024,Mia,Vestido Luna,DRSS-LUN8,1,PENDING,1550
ONLINE,ORD-00201,12/08/2025,Laura,Velo Luna,VEL-LUN1,1,REFUNDED,500
ONLINE,ORD-00201,12/08/2025,Laura,Aretes Crystal,EAR-CRY8,1,REFUNDED,85
ONLINE,ORD-00201,12/08/2025,Laura,Velo Luna,VEL-LUN2,1,REFUNDED,520
ONLINE,ORD-00201,12/08/2025,Laura,Bolero Lace,BOL-LAC7,2,REFUNDED,320
ONLINE,ORD-00201,12/08/2025,Laura,Velo Luna,VEL-LUN9,1,REFUNDED,540
ONLINE,ORD-00202,04/06/2024,Emma,Vestido Luna,DRSS-LUN8,1,PENDING,1650
ONLINE,ORD-00202,04/06/2024,Emma,Collar Pearl,COL-PRL9,1,PENDING,160
ONLINE,ORD-00202,04/06/2024,Emma,Velo Classic,VEL-CLA4,1,PENDING,330
ONLINE,ORD-00202,04/06/2024,Emma,Velo Classic,VEL-CLA8,2,PENDING,330
ONLINE,ORD-00203,05/24/2024,Ariana,Velo Classic,VEL-CLA6,1,REFUNDED,350
ONLINE,ORD-00203,05/24/2024,Ariana,Velo Pearl,VEL-PRL8,1,REFUNDED,600
ONLINE,ORD-00203,05/24/2024,Ariana,Cinturon Pearl,BELT-PRL2,2,REFUNDED,220
ONLINE,ORD-00203,05/24/2024,Ariana,Velo Aurora,VEL-AUR4,2,REFUNDED,470
ONLINE,ORD-00203,05/24/2024,Ariana,Vestido Bella,DRSS-BEL3,1,REFUNDED,1450
ONLINE,ORD-00204,10/31/2025,Grace,Cinturon Pearl,BELT-PRL1,2,PAID,240
ONLINE,ORD-00204,10/31/2025,Grace,Anillo Halo,RNG-HAL2,1,PAID,70
ONLINE,ORD-00204,10/31/2025,Grace,Vestido Milena,DRSS-MIL8,1,PAID,1250
ONLINE,ORD-00205,08/08/2025,Bianca,Guantes Satin,GLV-SAT3,2,REFUNDED,95
ONLINE,ORD-00205,08/08/2025,Bianca,Velo Luna,VEL-LUN5,2,REFUNDED,520
ONLINE,ORD-00206,04/13/2024,Bianca,Bolero Lace,BOL-LAC2,1,REFUNDED,320
ONLINE,ORD-00207,12/21/2025,Natalia,Aretes Pearl,EAR-PRL5,2,CANCELLED,135
ONLINE,ORD-00208,03/17/2025,Savannah,Vestido Isabella,DRSS-ISA7,1,REFUNDED,1800
ONLINE,ORD-00209,06/06/2025,Melissa,Velo Aurora,VEL-AUR6,3,PAID,430
ONLINE,ORD-00209,06/06/2025,Melissa,Vestido Camila,DRSS-CAM8,1,PAID,1850
ONLINE,ORD-00209,06/06/2025,Melissa,Cinturon Pearl,BELT-PRL8,1,PAID,180
ONLINE,ORD-00209,06/06/2025,Melissa,Collar Pearl,COL-PRL5,1,PAID,120
ONLINE,ORD-00210,04/03/2026,Emily,Jacket Pearl,JCK-PRL4,3,REFUNDED,340
ONLINE,ORD-00210,04/03/2026,Emily,Velo Luna,VEL-LUN1,1,REFUNDED,500
ONLINE,ORD-00211,07/21/2025,Alejandra,Vestido Camila,DRSS-CAM3,1,CANCELLED,2000
ONLINE,ORD-00211,07/21/2025,Alejandra,Vestido Aurora,DRSS-AUR9,1,PAID,1450
ONLINE,ORD-00211,07/21/2025,Alejandra,Vestido Camila,DRSS-CAM3,1,PAID,1900
ONLINE,ORD-00211,07/21/2025,Alejandra,Aretes Pearl,EAR-PRL9,1,CANCELLED,115
ONLINE,ORD-00211,07/21/2025,Alejandra,Velo Luna,VEL-LUN9,1,PAID,540
ONLINE,ORD-00212,05/11/2025,Grace,Vestido Aurora,DRSS-AUR3,1,REFUNDED,1450
ONLINE,ORD-00212,05/11/2025,Grace,Vestido Aurora,DRSS-AUR5,1,CANCELLED,1350
ONLINE,ORD-00212,05/11/2025,Grace,Vestido Valentina,DRSS-VAL4,1,PENDING,2150
ONLINE,ORD-00212,05/11/2025,Grace,Aretes Pearl,EAR-PRL8,1,PAID,115
ONLINE,ORD-00213,09/09/2024,Emma,Vestido Milena,DRSS-MIL4,1,REFUNDED,1100
ONLINE,ORD-00213,09/09/2024,Emma,Tiara Halo,TIA-HAL3,1,REFUNDED,220
ONLINE,ORD-00213,09/09/2024,Emma,Cinturon Crystal,BELT-CRY9,1,REFUNDED,180
ONLINE,ORD-00214,05/23/2024,Natalia,Vestido Emilia,DRSS-EMI8,1,CANCELLED,1800
ONLINE,ORD-00214,05/23/2024,Natalia,Velo Luna,VEL-LUN8,1,PAID,480
ONLINE,ORD-00215,09/07/2025,Hannah,Velo Luna,VEL-LUN6,2,PENDING,520
ONLINE,ORD-00216,11/17/2025,Gabriela,Vestido Emilia,DRSS-EMI7,1,PENDING,1650
ONLINE,ORD-00216,11/17/2025,Gabriela,Velo Aurora,VEL-AUR3,1,PENDING,470
ONLINE,ORD-00216,11/17/2025,Gabriela,Velo Classic,VEL-CLA8,3,PENDING,390
ONLINE,ORD-00217,12/23/2025,Andrea,Velo Pearl,VEL-PRL3,1,REFUNDED,620
ONLINE,ORD-00218,04/19/2024,Lucia,Vestido Emilia,DRSS-EMI1,1,PENDING,1700
ONLINE,ORD-00218,04/19/2024,Lucia,Cinturon Crystal,BELT-CRY5,3,REFUNDED,200
ONLINE,ORD-00218,04/19/2024,Lucia,Cinturon Pearl,BELT-PRL7,2,PAID,180
ONLINE,ORD-00218,04/19/2024,Lucia,Vestido Sofia,DRSS-SOF3,1,CANCELLED,1500
ONLINE,ORD-00218,04/19/2024,Lucia,Tiara Pearl,TIA-PRL7,1,PAID,250
ONLINE,ORD-00219,04/21/2025,Natalia,Vestido Grace,DRSS-GRA1,1,CANCELLED,2300
ONLINE,ORD-00219,04/21/2025,Natalia,Cinturon Crystal,BELT-CRY3,2,CANCELLED,160
ONLINE,ORD-00220,09/02/2025,Jessica,Jacket Pearl,JCK-PRL7,2,PENDING,320
ONLINE,ORD-00220,09/02/2025,Jessica,Velo Luna,VEL-LUN3,2,CANCELLED,520
ONLINE,ORD-00220,09/02/2025,Jessica,Velo Classic,VEL-CLA2,1,CANCELLED,370
ONLINE,ORD-00220,09/02/2025,Jessica,Vestido Isabella,DRSS-ISA9,1,PENDING,1700
ONLINE,ORD-00221,09/06/2025,Emily,Tiara Pearl,TIA-PRL1,3,PENDING,250
ONLINE,ORD-00222,01/10/2026,Paola,Guantes Satin,GLV-SAT5,2,PAID,55
ONLINE,ORD-00222,01/10/2026,Paola,Velo Luna,VEL-LUN1,1,PAID,480
ONLINE,ORD-00222,01/10/2026,Paola,Anillo Halo,RNG-HAL8,1,PAID,30
ONLINE,ORD-00222,01/10/2026,Paola,Bolero Lace,BOL-LAC1,2,PAID,300
ONLINE,ORD-00223,02/05/2026,Valentina,Vestido Luna,DRSS-LUN1,1,CANCELLED,1500
ONLINE,ORD-00224,02/11/2024,Ashley,Vestido Aurora,DRSS-AUR3,1,PAID,1350
ONLINE,ORD-00224,02/11/2024,Ashley,Vestido Grace,DRSS-GRA8,1,PAID,2300
ONLINE,ORD-00224,02/11/2024,Ashley,Tiara Pearl,TIA-PRL8,3,PAID,230
ONLINE,ORD-00224,02/11/2024,Ashley,Guantes Satin,GLV-SAT1,1,PAID,115
ONLINE,ORD-00225,08/23/2024,Chloe,Collar Luna,COL-LUN8,1,PENDING,80
ONLINE,ORD-00226,01/06/2024,Daniela,Vestido Bella,DRSS-BEL4,1,PENDING,1450
ONLINE,ORD-00226,01/06/2024,Daniela,Vestido Sofia,DRSS-SOF9,1,REFUNDED,1400
ONLINE,ORD-00226,01/06/2024,Daniela,Vestido Sofia,DRSS-SOF5,1,REFUNDED,1500
ONLINE,ORD-00226,01/06/2024,Daniela,Vestido Sofia,DRSS-SOF8,1,PENDING,1450
ONLINE,ORD-00227,12/03/2025,Ashley,Vestido Grace,DRSS-GRA9,1,PAID,2250
ONLINE,ORD-00227,12/03/2025,Ashley,Tiara Pearl,TIA-PRL9,1,PAID,250
ONLINE,ORD-00228,07/24/2024,Jessica,Vestido Camila,DRSS-CAM1,1,PAID,2050
ONLINE,ORD-00228,07/24/2024,Jessica,Collar Pearl,COL-PRL7,1,PENDING,180
ONLINE,ORD-00229,05/15/2024,Sofia,Vestido Emilia,DRSS-EMI2,1,PENDING,1800
ONLINE,ORD-00229,05/15/2024,Sofia,Aretes Crystal,EAR-CRY2,1,REFUNDED,85
ONLINE,ORD-00230,10/07/2025,Amanda,Vestido Grace,DRSS-GRA9,1,PENDING,2200
ONLINE,ORD-00230,10/07/2025,Amanda,Tiara Pearl,TIA-PRL7,2,PAID,290
ONLINE,ORD-00231,11/15/2024,Savannah,Vestido Valentina,DRSS-VAL9,1,CANCELLED,2100
ONLINE,ORD-00231,11/15/2024,Savannah,Guantes Satin,GLV-SAT4,1,CANCELLED,75
ONLINE,ORD-00231,11/15/2024,Savannah,Vestido Sofia,DRSS-SOF5,1,CANCELLED,1500
ONLINE,ORD-00232,12/04/2025,Jessica,Velo Classic,VEL-CLA3,1,CANCELLED,370
ONLINE,ORD-00233,03/26/2026,Gabriela,Anillo Halo,RNG-HAL4,2,PENDING,90
ONLINE,ORD-00233,03/26/2026,Gabriela,Vestido Bella,DRSS-BEL7,1,PENDING,1500
ONLINE,ORD-00234,08/24/2025,Laura,Vestido Aurora,DRSS-AUR7,1,CANCELLED,1400
ONLINE,ORD-00234,08/24/2025,Laura,Tiara Pearl,TIA-PRL7,1,CANCELLED,230
ONLINE,ORD-00235,04/13/2025,Gabriela,Vestido Aurora,DRSS-AUR6,1,PAID,1250
ONLINE,ORD-00235,04/13/2025,Gabriela,Jacket Pearl,JCK-PRL2,1,CANCELLED,320
ONLINE,ORD-00236,05/16/2025,Claudia,Velo Luna,VEL-LUN1,3,CANCELLED,480
ONLINE,ORD-00237,03/25/2026,Paola,Velo Luna,VEL-LUN4,2,REFUNDED,520
ONLINE,ORD-00237,03/25/2026,Paola,Cinturon Pearl,BELT-PRL3,1,REFUNDED,180
ONLINE,ORD-00237,03/25/2026,Paola,Vestido Luna,DRSS-LUN4,1,CANCELLED,1600
ONLINE,ORD-00237,03/25/2026,Paola,Velo Luna,VEL-LUN1,2,CANCELLED,480
ONLINE,ORD-00237,03/25/2026,Paola,Collar Luna,COL-LUN5,2,REFUNDED,80
ONLINE,ORD-00238,10/14/2025,Emily,Vestido Luna,DRSS-LUN2,1,PAID,1700
ONLINE,ORD-00238,10/14/2025,Emily,Vestido Bella,DRSS-BEL1,1,PAID,1450
ONLINE,ORD-00238,10/14/2025,Emily,Velo Luna,VEL-LUN8,1,PAID,500
ONLINE,ORD-00239,01/02/2024,Vanessa,Anillo Halo,RNG-HAL3,2,REFUNDED,90
ONLINE,ORD-00239,01/02/2024,Vanessa,Vestido Valentina,DRSS-VAL8,1,REFUNDED,2200
ONLINE,ORD-00239,01/02/2024,Vanessa,Vestido Camila,DRSS-CAM8,1,REFUNDED,1850
ONLINE,ORD-00239,01/02/2024,Vanessa,Velo Luna,VEL-LUN6,2,REFUNDED,540
ONLINE,ORD-00240,09/02/2025,Ashley,Collar Pearl,COL-PRL1,2,CANCELLED,180
ONLINE,ORD-00240,09/02/2025,Ashley,Bolero Lace,BOL-LAC6,2,CANCELLED,260
ONLINE,ORD-00241,11/21/2024,Paola,Vestido Milena,DRSS-MIL8,1,REFUNDED,1150
ONLINE,ORD-00241,11/21/2024,Paola,Vestido Valentina,DRSS-VAL3,1,CANCELLED,2200
ONLINE,ORD-00241,11/21/2024,Paola,Anillo Halo,RNG-HAL2,2,CANCELLED,70
ONLINE,ORD-00241,11/21/2024,Paola,Velo Classic,VEL-CLA3,3,CANCELLED,350
ONLINE,ORD-00241,11/21/2024,Paola,Vestido Luna,DRSS-LUN4,1,REFUNDED,1500
ONLINE,ORD-00242,04/26/2026,Emma,Vestido Valentina,DRSS-VAL1,1,CANCELLED,2150
ONLINE,ORD-00242,04/26/2026,Emma,Vestido Grace,DRSS-GRA7,1,PAID,2250
ONLINE,ORD-00242,04/26/2026,Emma,Vestido Milena,DRSS-MIL4,1,PENDING,1100
ONLINE,ORD-00243,12/24/2025,Paola,Cinturon Pearl,BELT-PRL7,1,PAID,240
ONLINE,ORD-00243,12/24/2025,Paola,Collar Luna,COL-LUN6,2,PAID,80
ONLINE,ORD-00243,12/24/2025,Paola,Vestido Aurora,DRSS-AUR2,1,REFUNDED,1300
ONLINE,ORD-00244,10/24/2025,Mariana,Vestido Valentina,DRSS-VAL9,1,REFUNDED,2100
ONLINE,ORD-00244,10/24/2025,Mariana,Vestido Luna,DRSS-LUN1,1,CANCELLED,1500
ONLINE,ORD-00244,10/24/2025,Mariana,Vestido Emilia,DRSS-EMI5,1,PENDING,1650
ONLINE,ORD-00244,10/24/2025,Mariana,Vestido Valentina,DRSS-VAL3,1,PAID,2200
ONLINE,ORD-00244,10/24/2025,Mariana,Tiara Pearl,TIA-PRL5,2,PAID,250
ONLINE,ORD-00245,11/23/2024,Rachel,Collar Luna,COL-LUN3,1,REFUNDED,80
ONLINE,ORD-00245,11/23/2024,Rachel,Vestido Camila,DRSS-CAM7,1,CANCELLED,1850
ONLINE,ORD-00245,11/23/2024,Rachel,Vestido Valentina,DRSS-VAL4,1,CANCELLED,2100
ONLINE,ORD-00246,03/03/2024,Andrea,Vestido Bella,DRSS-BEL9,1,PAID,1450
ONLINE,ORD-00247,08/24/2025,Elena,Velo Aurora,VEL-AUR5,2,REFUNDED,490
ONLINE,ORD-00247,08/24/2025,Elena,Vestido Aurora,DRSS-AUR2,1,PENDING,1300
ONLINE,ORD-00247,08/24/2025,Elena,Vestido Aurora,DRSS-AUR8,1,REFUNDED,1350
ONLINE,ORD-00247,08/24/2025,Elena,Guantes Satin,GLV-SAT5,1,PENDING,115
ONLINE,ORD-00248,05/09/2026,Ariana,Collar Pearl,COL-PRL9,1,REFUNDED,140
ONLINE,ORD-00248,05/09/2026,Ariana,Velo Classic,VEL-CLA9,1,REFUNDED,370
ONLINE,ORD-00248,05/09/2026,Ariana,Vestido Valentina,DRSS-VAL5,1,CANCELLED,2150
ONLINE,ORD-00248,05/09/2026,Ariana,Velo Pearl,VEL-PRL6,1,PAID,600
ONLINE,ORD-00248,05/09/2026,Ariana,Vestido Grace,DRSS-GRA8,1,PAID,2250
ONLINE,ORD-00249,10/18/2024,Melissa,Vestido Valentina,DRSS-VAL1,1,PAID,2000
ONLINE,ORD-00249,10/18/2024,Melissa,Collar Luna,COL-LUN2,2,PAID,120
ONLINE,ORD-00250,02/19/2026,Jessica,Vestido Camila,DRSS-CAM1,1,REFUNDED,1950
ONLINE,ORD-00250,02/19/2026,Jessica,Vestido Bella,DRSS-BEL7,1,REFUNDED,1500
ONLINE,ORD-00250,02/19/2026,Jessica,Vestido Bella,DRSS-BEL6,1,REFUNDED,1550
ONLINE,ORD-00250,02/19/2026,Jessica,Cinturon Pearl,BELT-PRL3,2,REFUNDED,200
ONLINE,ORD-00250,02/19/2026,Jessica,Collar Pearl,COL-PRL8,1,REFUNDED,120
ONLINE,ORD-00251,01/28/2025,Grace,Jacket Pearl,JCK-PRL6,1,PENDING,340
ONLINE,ORD-00251,01/28/2025,Grace,Tiara Halo,TIA-HAL5,1,CANCELLED,220
ONLINE,ORD-00252,05/31/2025,Hannah,Cinturon Crystal,BELT-CRY7,3,REFUNDED,220
ONLINE,ORD-00253,03/27/2026,Gabriela,Vestido Camila,DRSS-CAM2,1,PENDING,1950
ONLINE,ORD-00254,01/18/2025,Chloe,Vestido Valentina,DRSS-VAL1,1,PENDING,2100
ONLINE,ORD-00254,01/18/2025,Chloe,Tiara Pearl,TIA-PRL6,1,PENDING,250
ONLINE,ORD-00254,01/18/2025,Chloe,Collar Luna,COL-LUN4,3,PENDING,140
ONLINE,ORD-00254,01/18/2025,Chloe,Vestido Luna,DRSS-LUN7,1,PENDING,1500
ONLINE,ORD-00255,06/26/2025,Olivia,Tiara Halo,TIA-HAL5,1,CANCELLED,260
ONLINE,ORD-00256,07/14/2025,Emma,Guantes Satin,GLV-SAT2,2,PENDING,95
ONLINE,ORD-00256,07/14/2025,Emma,Guantes Satin,GLV-SAT8,2,PENDING,115
ONLINE,ORD-00256,07/14/2025,Emma,Vestido Bella,DRSS-BEL7,1,PENDING,1550
ONLINE,ORD-00256,07/14/2025,Emma,Vestido Luna,DRSS-LUN1,1,PENDING,1700
ONLINE,ORD-00256,07/14/2025,Emma,Vestido Valentina,DRSS-VAL8,1,PENDING,2200
ONLINE,ORD-00257,07/11/2024,Mia,Collar Pearl,COL-PRL7,1,PAID,180
ONLINE,ORD-00257,07/11/2024,Mia,Velo Luna,VEL-LUN8,1,PENDING,540
ONLINE,ORD-00257,07/11/2024,Mia,Anillo Halo,RNG-HAL4,1,PAID,90
ONLINE,ORD-00258,02/15/2024,Emma,Velo Luna,VEL-LUN8,3,REFUNDED,540
ONLINE,ORD-00259,08/26/2025,Melissa,Velo Aurora,VEL-AUR6,3,REFUNDED,470
ONLINE,ORD-00259,08/26/2025,Melissa,Velo Classic,VEL-CLA8,1,REFUNDED,370
ONLINE,ORD-00259,08/26/2025,Melissa,Vestido Isabella,DRSS-ISA1,1,REFUNDED,1800
ONLINE,ORD-00259,08/26/2025,Melissa,Vestido Milena,DRSS-MIL1,1,REFUNDED,1300
ONLINE,ORD-00259,08/26/2025,Melissa,Collar Luna,COL-LUN7,2,REFUNDED,120
ONLINE,ORD-00260,06/08/2024,Mariana,Aretes Crystal,EAR-CRY8,3,CANCELLED,105
ONLINE,ORD-00260,06/08/2024,Mariana,Velo Luna,VEL-LUN3,1,CANCELLED,500
ONLINE,ORD-00260,06/08/2024,Mariana,Collar Luna,COL-LUN7,2,CANCELLED,120
ONLINE,ORD-00261,10/25/2024,Hannah,Bolero Lace,BOL-LAC1,2,PENDING,320
ONLINE,ORD-00261,10/25/2024,Hannah,Velo Luna,VEL-LUN8,2,PENDING,520
ONLINE,ORD-00261,10/25/2024,Hannah,Velo Pearl,VEL-PRL2,1,PENDING,640
ONLINE,ORD-00261,10/25/2024,Hannah,Vestido Bella,DRSS-BEL5,1,PENDING,1500
ONLINE,ORD-00261,10/25/2024,Hannah,Vestido Grace,DRSS-GRA6,1,PENDING,2300
ONLINE,ORD-00262,03/18/2024,Rachel,Aretes Crystal,EAR-CRY9,1,PENDING,65
ONLINE,ORD-00262,03/18/2024,Rachel,Anillo Halo,RNG-HAL8,3,PENDING,30
ONLINE,ORD-00263,06/23/2024,Julia,Cinturon Pearl,BELT-PRL1,1,PAID,180
ONLINE,ORD-00263,06/23/2024,Julia,Cinturon Crystal,BELT-CRY7,2,PAID,180
ONLINE,ORD-00263,06/23/2024,Julia,Vestido Aurora,DRSS-AUR3,1,PAID,1450
ONLINE,ORD-00264,04/16/2026,Paola,Velo Luna,VEL-LUN9,2,CANCELLED,540
ONLINE,ORD-00264,04/16/2026,Paola,Anillo Halo,RNG-HAL2,3,CANCELLED,30
ONLINE,ORD-00264,04/16/2026,Paola,Tiara Pearl,TIA-PRL6,2,CANCELLED,230
ONLINE,ORD-00265,04/05/2026,Ariana,Vestido Isabella,DRSS-ISA4,1,CANCELLED,1900
ONLINE,ORD-00266,12/22/2024,Amanda,Aretes Pearl,EAR-PRL5,1,PENDING,95
ONLINE,ORD-00266,12/22/2024,Amanda,Tiara Halo,TIA-HAL8,3,REFUNDED,240
ONLINE,ORD-00267,01/09/2026,Megan,Vestido Isabella,DRSS-ISA3,1,PAID,1850
ONLINE,ORD-00267,01/09/2026,Megan,Vestido Emilia,DRSS-EMI6,1,REFUNDED,1800
ONLINE,ORD-00267,01/09/2026,Megan,Vestido Aurora,DRSS-AUR7,1,CANCELLED,1300
ONLINE,ORD-00267,01/09/2026,Megan,Tiara Pearl,TIA-PRL4,2,CANCELLED,270
ONLINE,ORD-00267,01/09/2026,Megan,Velo Pearl,VEL-PRL6,2,PAID,640
ONLINE,ORD-00268,06/23/2024,Camila,Vestido Isabella,DRSS-ISA6,1,REFUNDED,1900
ONLINE,ORD-00268,06/23/2024,Camila,Vestido Aurora,DRSS-AUR4,1,REFUNDED,1450
ONLINE,ORD-00268,06/23/2024,Camila,Cinturon Crystal,BELT-CRY8,1,REFUNDED,180
ONLINE,ORD-00269,11/03/2024,Claudia,Vestido Bella,DRSS-BEL9,1,PAID,1550
ONLINE,ORD-00269,11/03/2024,Claudia,Vestido Emilia,DRSS-EMI5,1,PAID,1650
ONLINE,ORD-00269,11/03/2024,Claudia,Bolero Lace,BOL-LAC4,2,PAID,320
ONLINE,ORD-00269,11/03/2024,Claudia,Vestido Aurora,DRSS-AUR6,1,PAID,1400
ONLINE,ORD-00270,03/14/2025,Lily,Vestido Luna,DRSS-LUN5,1,PAID,1600
ONLINE,ORD-00270,03/14/2025,Lily,Vestido Isabella,DRSS-ISA1,1,PAID,1850
ONLINE,ORD-00270,03/14/2025,Lily,Bolero Lace,BOL-LAC7,2,PAID,280
ONLINE,ORD-00271,02/13/2024,Camila,Vestido Bella,DRSS-BEL2,1,REFUNDED,1400
ONLINE,ORD-00272,12/19/2025,Sarah,Velo Aurora,VEL-AUR8,2,PENDING,470
ONLINE,ORD-00272,12/19/2025,Sarah,Cinturon Crystal,BELT-CRY6,1,PAID,220
ONLINE,ORD-00273,05/17/2024,Megan,Vestido Milena,DRSS-MIL2,1,PENDING,1300
ONLINE,ORD-00273,05/17/2024,Megan,Guantes Satin,GLV-SAT3,1,PENDING,55
ONLINE,ORD-00273,05/17/2024,Megan,Velo Pearl,VEL-PRL1,2,PAID,580
ONLINE,ORD-00273,05/17/2024,Megan,Vestido Camila,DRSS-CAM3,1,REFUNDED,1850
ONLINE,ORD-00273,05/17/2024,Megan,Collar Luna,COL-LUN2,1,REFUNDED,100
ONLINE,ORD-00274,05/09/2026,Alejandra,Velo Classic,VEL-CLA5,1,CANCELLED,390
ONLINE,ORD-00274,05/09/2026,Alejandra,Tiara Halo,TIA-HAL4,1,CANCELLED,220
ONLINE,ORD-00274,05/09/2026,Alejandra,Vestido Grace,DRSS-GRA4,1,CANCELLED,2400
ONLINE,ORD-00274,05/09/2026,Alejandra,Vestido Grace,DRSS-GRA9,1,CANCELLED,2400
ONLINE,ORD-00274,05/09/2026,Alejandra,Velo Aurora,VEL-AUR3,3,CANCELLED,490
ONLINE,ORD-00275,04/16/2024,Ashley,Cinturon Pearl,BELT-PRL2,1,REFUNDED,220
ONLINE,ORD-00276,04/30/2025,Mariana,Velo Luna,VEL-LUN4,1,PAID,500
ONLINE,ORD-00277,06/03/2024,Megan,Velo Classic,VEL-CLA9,2,PAID,350
ONLINE,ORD-00278,04/09/2025,Vanessa,Anillo Halo,RNG-HAL6,1,PENDING,90
ONLINE,ORD-00278,04/09/2025,Vanessa,Vestido Grace,DRSS-GRA7,1,PENDING,2350
ONLINE,ORD-00278,04/09/2025,Vanessa,Tiara Pearl,TIA-PRL9,1,PENDING,290
ONLINE,ORD-00278,04/09/2025,Vanessa,Velo Pearl,VEL-PRL3,2,PENDING,580
ONLINE,ORD-00278,04/09/2025,Vanessa,Aretes Pearl,EAR-PRL6,1,PENDING,95
ONLINE,ORD-00279,01/24/2026,Amanda,Vestido Grace,DRSS-GRA2,1,PAID,2250
ONLINE,ORD-00280,12/03/2024,Amanda,Bolero Lace,BOL-LAC5,1,PENDING,280
ONLINE,ORD-00280,12/03/2024,Amanda,Vestido Emilia,DRSS-EMI2,1,PENDING,1650
ONLINE,ORD-00280,12/03/2024,Amanda,Velo Classic,VEL-CLA5,1,PENDING,370
ONLINE,ORD-00280,12/03/2024,Amanda,Tiara Pearl,TIA-PRL1,2,PENDING,270
ONLINE,ORD-00280,12/03/2024,Amanda,Jacket Pearl,JCK-PRL8,3,PENDING,320
ONLINE,ORD-00281,09/30/2024,Ariana,Vestido Emilia,DRSS-EMI8,1,PAID,1700
ONLINE,ORD-00281,09/30/2024,Ariana,Anillo Halo,RNG-HAL9,1,PAID,70
ONLINE,ORD-00281,09/30/2024,Ariana,Velo Luna,VEL-LUN7,2,PAID,540
ONLINE,ORD-00281,09/30/2024,Ariana,Aretes Crystal,EAR-CRY6,2,PAID,65
ONLINE,ORD-00282,04/25/2024,Katherine,Aretes Crystal,EAR-CRY5,2,CANCELLED,125
ONLINE,ORD-00282,04/25/2024,Katherine,Vestido Camila,DRSS-CAM4,1,CANCELLED,2000
ONLINE,ORD-00282,04/25/2024,Katherine,Vestido Emilia,DRSS-EMI9,1,CANCELLED,1650
ONLINE,ORD-00283,01/30/2026,Melissa,Velo Aurora,VEL-AUR4,1,PENDING,430
ONLINE,ORD-00283,01/30/2026,Melissa,Velo Pearl,VEL-PRL8,2,PENDING,640
ONLINE,ORD-00283,01/30/2026,Melissa,Velo Aurora,VEL-AUR8,3,PENDING,430
ONLINE,ORD-00283,01/30/2026,Melissa,Anillo Halo,RNG-HAL5,3,PENDING,70
ONLINE,ORD-00284,05/06/2026,Zoe,Velo Pearl,VEL-PRL8,1,REFUNDED,620
ONLINE,ORD-00284,05/06/2026,Zoe,Vestido Emilia,DRSS-EMI1,1,PENDING,1750
ONLINE,ORD-00284,05/06/2026,Zoe,Aretes Crystal,EAR-CRY6,1,PAID,65
ONLINE,ORD-00284,05/06/2026,Zoe,Jacket Pearl,JCK-PRL7,3,REFUNDED,360
ONLINE,ORD-00284,05/06/2026,Zoe,Vestido Bella,DRSS-BEL5,1,PAID,1350
ONLINE,ORD-00285,09/05/2024,Hannah,Collar Pearl,COL-PRL6,3,PENDING,120
ONLINE,ORD-00285,09/05/2024,Hannah,Anillo Halo,RNG-HAL7,1,PENDING,50
ONLINE,ORD-00286,07/03/2024,Natalia,Guantes Satin,GLV-SAT7,2,REFUNDED,75
ONLINE,ORD-00286,07/03/2024,Natalia,Vestido Luna,DRSS-LUN3,1,REFUNDED,1550
ONLINE,ORD-00286,07/03/2024,Natalia,Velo Aurora,VEL-AUR1,1,REFUNDED,470
ONLINE,ORD-00286,07/03/2024,Natalia,Guantes Satin,GLV-SAT8,1,REFUNDED,55
ONLINE,ORD-00286,07/03/2024,Natalia,Tiara Halo,TIA-HAL8,1,REFUNDED,200
ONLINE,ORD-00287,07/17/2024,Mia,Collar Pearl,COL-PRL4,3,PAID,160
ONLINE,ORD-00288,02/18/2025,Elena,Aretes Crystal,EAR-CRY5,1,REFUNDED,85
ONLINE,ORD-00288,02/18/2025,Elena,Vestido Grace,DRSS-GRA3,1,PAID,2400
ONLINE,ORD-00288,02/18/2025,Elena,Aretes Crystal,EAR-CRY5,1,PENDING,85
ONLINE,ORD-00288,02/18/2025,Elena,Vestido Isabella,DRSS-ISA3,1,CANCELLED,1750
ONLINE,ORD-00289,07/18/2025,Megan,Aretes Crystal,EAR-CRY2,3,REFUNDED,125
ONLINE,ORD-00289,07/18/2025,Megan,Velo Luna,VEL-LUN6,1,PAID,500
ONLINE,ORD-00290,08/21/2024,Elena,Tiara Halo,TIA-HAL3,2,REFUNDED,260
ONLINE,ORD-00290,08/21/2024,Elena,Aretes Crystal,EAR-CRY3,1,REFUNDED,65
ONLINE,ORD-00291,02/16/2026,Vanessa,Jacket Pearl,JCK-PRL8,2,PAID,360
ONLINE,ORD-00291,02/16/2026,Vanessa,Vestido Grace,DRSS-GRA8,1,PAID,2250
ONLINE,ORD-00292,08/10/2024,Vanessa,Vestido Grace,DRSS-GRA8,1,PENDING,2400
ONLINE,ORD-00292,08/10/2024,Vanessa,Vestido Bella,DRSS-BEL2,1,PENDING,1400
ONLINE,ORD-00292,08/10/2024,Vanessa,Cinturon Crystal,BELT-CRY2,2,PENDING,220
ONLINE,ORD-00292,08/10/2024,Vanessa,Vestido Camila,DRSS-CAM8,1,PENDING,1950
ONLINE,ORD-00293,06/21/2024,Elena,Collar Luna,COL-LUN6,2,PAID,80
ONLINE,ORD-00293,06/21/2024,Elena,Velo Pearl,VEL-PRL6,1,REFUNDED,620
ONLINE,ORD-00293,06/21/2024,Elena,Guantes Satin,GLV-SAT2,1,REFUNDED,55
ONLINE,ORD-00293,06/21/2024,Elena,Vestido Grace,DRSS-GRA7,1,PAID,2350
ONLINE,ORD-00293,06/21/2024,Elena,Vestido Camila,DRSS-CAM2,1,REFUNDED,2000
ONLINE,ORD-00294,12/10/2024,Vanessa,Vestido Camila,DRSS-CAM3,1,REFUNDED,1900
ONLINE,ORD-00295,02/18/2025,Claudia,Vestido Sofia,DRSS-SOF5,1,PENDING,1550
ONLINE,ORD-00296,03/02/2025,Melissa,Vestido Grace,DRSS-GRA6,1,PAID,2300
ONLINE,ORD-00296,03/02/2025,Melissa,Vestido Aurora,DRSS-AUR2,1,PAID,1350
ONLINE,ORD-00296,03/02/2025,Melissa,Tiara Halo,TIA-HAL9,2,PAID,200
ONLINE,ORD-00297,05/18/2024,Melissa,Vestido Luna,DRSS-LUN5,1,CANCELLED,1600
ONLINE,ORD-00297,05/18/2024,Melissa,Bolero Lace,BOL-LAC7,1,CANCELLED,260
ONLINE,ORD-00297,05/18/2024,Melissa,Cinturon Crystal,BELT-CRY7,2,CANCELLED,180
ONLINE,ORD-00298,03/04/2025,Amanda,Velo Luna,VEL-LUN7,2,REFUNDED,480
ONLINE,ORD-00298,03/04/2025,Amanda,Vestido Emilia,DRSS-EMI3,1,REFUNDED,1650
ONLINE,ORD-00298,03/04/2025,Amanda,Vestido Bella,DRSS-BEL3,1,REFUNDED,1500
ONLINE,ORD-00298,03/04/2025,Amanda,Cinturon Pearl,BELT-PRL9,1,REFUNDED,180
ONLINE,ORD-00299,08/22/2025,Ashley,Vestido Sofia,DRSS-SOF3,1,PAID,1450
ONLINE,ORD-00299,08/22/2025,Ashley,Velo Classic,VEL-CLA2,1,PAID,390
ONLINE,ORD-00299,08/22/2025,Ashley,Vestido Sofia,DRSS-SOF7,1,PAID,1600
ONLINE,ORD-00299,08/22/2025,Ashley,Collar Pearl,COL-PRL4,1,PAID,180
ONLINE,ORD-00300,01/10/2024,Vanessa,Jacket Pearl,JCK-PRL6,1,PAID,340
ONLINE,ORD-00301,10/29/2024,Ariana,Cinturon Crystal,BELT-CRY6,3,PENDING,180
ONLINE,ORD-00301,10/29/2024,Ariana,Vestido Isabella,DRSS-ISA1,1,PENDING,1750
ONLINE,ORD-00301,10/29/2024,Ariana,Velo Pearl,VEL-PRL6,1,PENDING,640
ONLINE,ORD-00301,10/29/2024,Ariana,Cinturon Pearl,BELT-PRL8,3,PENDING,220
ONLINE,ORD-00301,10/29/2024,Ariana,Bolero Lace,BOL-LAC7,2,PENDING,280
ONLINE,ORD-00302,09/03/2025,Sarah,Velo Aurora,VEL-AUR2,1,CANCELLED,450
ONLINE,ORD-00302,09/03/2025,Sarah,Bolero Lace,BOL-LAC1,2,PAID,320
ONLINE,ORD-00302,09/03/2025,Sarah,Aretes Crystal,EAR-CRY7,2,REFUNDED,125
ONLINE,ORD-00302,09/03/2025,Sarah,Vestido Sofia,DRSS-SOF8,1,CANCELLED,1600
ONLINE,ORD-00302,09/03/2025,Sarah,Cinturon Pearl,BELT-PRL9,2,PENDING,240
ONLINE,ORD-00303,01/29/2024,Chloe,Vestido Grace,DRSS-GRA6,1,REFUNDED,2300
ONLINE,ORD-00303,01/29/2024,Chloe,Tiara Halo,TIA-HAL8,2,REFUNDED,220
ONLINE,ORD-00303,01/29/2024,Chloe,Guantes Satin,GLV-SAT2,1,REFUNDED,55
ONLINE,ORD-00303,01/29/2024,Chloe,Vestido Isabella,DRSS-ISA5,1,REFUNDED,1750
ONLINE,ORD-00304,11/03/2024,Amanda,Vestido Bella,DRSS-BEL8,1,REFUNDED,1500
ONLINE,ORD-00305,04/29/2024,Julia,Velo Pearl,VEL-PRL7,2,REFUNDED,580
ONLINE,ORD-00306,08/01/2024,Katherine,Anillo Halo,RNG-HAL4,1,REFUNDED,50
ONLINE,ORD-00306,08/01/2024,Katherine,Collar Luna,COL-LUN8,2,PENDING,80
ONLINE,ORD-00306,08/01/2024,Katherine,Vestido Camila,DRSS-CAM6,1,REFUNDED,1850
ONLINE,ORD-00306,08/01/2024,Katherine,Vestido Milena,DRSS-MIL9,1,PENDING,1100
ONLINE,ORD-00306,08/01/2024,Katherine,Aretes Pearl,EAR-PRL4,1,REFUNDED,135
ONLINE,ORD-00307,11/26/2025,Maria,Velo Pearl,VEL-PRL6,1,REFUNDED,620
ONLINE,ORD-00308,08/15/2025,Camila,Collar Pearl,COL-PRL9,1,PENDING,180
ONLINE,ORD-00309,04/20/2024,Savannah,Vestido Luna,DRSS-LUN9,1,REFUNDED,1650
ONLINE,ORD-00310,07/08/2024,Maria,Bolero Lace,BOL-LAC5,2,REFUNDED,280
ONLINE,ORD-00310,07/08/2024,Maria,Vestido Aurora,DRSS-AUR5,1,REFUNDED,1300
ONLINE,ORD-00310,07/08/2024,Maria,Collar Luna,COL-LUN9,2,REFUNDED,120
ONLINE,ORD-00310,07/08/2024,Maria,Vestido Grace,DRSS-GRA2,1,REFUNDED,2400
ONLINE,ORD-00311,05/20/2025,Sofia,Vestido Bella,DRSS-BEL6,1,PENDING,1350
ONLINE,ORD-00311,05/20/2025,Sofia,Vestido Emilia,DRSS-EMI2,1,PAID,1750
ONLINE,ORD-00312,06/18/2025,Vanessa,Aretes Pearl,EAR-PRL5,3,PENDING,95
ONLINE,ORD-00312,06/18/2025,Vanessa,Vestido Aurora,DRSS-AUR6,1,PENDING,1250
ONLINE,ORD-00312,06/18/2025,Vanessa,Velo Classic,VEL-CLA2,2,PENDING,350
ONLINE,ORD-00313,08/15/2025,Zoe,Cinturon Crystal,BELT-CRY4,2,REFUNDED,160
ONLINE,ORD-00314,05/05/2024,Bianca,Collar Pearl,COL-PRL5,1,REFUNDED,140
ONLINE,ORD-00314,05/05/2024,Bianca,Vestido Milena,DRSS-MIL7,1,REFUNDED,1300
ONLINE,ORD-00314,05/05/2024,Bianca,Aretes Pearl,EAR-PRL9,2,REFUNDED,115
ONLINE,ORD-00315,01/10/2025,Melissa,Velo Pearl,VEL-PRL8,1,CANCELLED,600
ONLINE,ORD-00315,01/10/2025,Melissa,Vestido Isabella,DRSS-ISA7,1,CANCELLED,1750
ONLINE,ORD-00315,01/10/2025,Melissa,Vestido Grace,DRSS-GRA3,1,CANCELLED,2300
ONLINE,ORD-00315,01/10/2025,Melissa,Aretes Pearl,EAR-PRL7,2,CANCELLED,75
ONLINE,ORD-00315,01/10/2025,Melissa,Vestido Emilia,DRSS-EMI4,1,CANCELLED,1700
ONLINE,ORD-00316,03/26/2026,Claudia,Velo Classic,VEL-CLA2,2,CANCELLED,390
ONLINE,ORD-00316,03/26/2026,Claudia,Bolero Lace,BOL-LAC2,1,PENDING,260
ONLINE,ORD-00316,03/26/2026,Claudia,Vestido Bella,DRSS-BEL2,1,PENDING,1550
ONLINE,ORD-00316,03/26/2026,Claudia,Vestido Emilia,DRSS-EMI1,1,PAID,1800
ONLINE,ORD-00316,03/26/2026,Claudia,Vestido Luna,DRSS-LUN2,1,PAID,1650
ONLINE,ORD-00317,04/24/2024,Julia,Tiara Pearl,TIA-PRL9,2,CANCELLED,230
ONLINE,ORD-00317,04/24/2024,Julia,Tiara Pearl,TIA-PRL1,1,PAID,230
ONLINE,ORD-00317,04/24/2024,Julia,Aretes Pearl,EAR-PRL4,2,CANCELLED,75
ONLINE,ORD-00318,07/09/2025,Olivia,Tiara Pearl,TIA-PRL7,1,REFUNDED,290
ONLINE,ORD-00318,07/09/2025,Olivia,Vestido Grace,DRSS-GRA6,1,CANCELLED,2350
ONLINE,ORD-00318,07/09/2025,Olivia,Aretes Pearl,EAR-PRL9,1,REFUNDED,115
ONLINE,ORD-00318,07/09/2025,Olivia,Vestido Grace,DRSS-GRA8,1,PAID,2200
ONLINE,ORD-00319,08/30/2024,Maria,Guantes Satin,GLV-SAT4,2,REFUNDED,95
ONLINE,ORD-00319,08/30/2024,Maria,Collar Pearl,COL-PRL5,2,PENDING,180
ONLINE,ORD-00319,08/30/2024,Maria,Velo Aurora,VEL-AUR8,1,PENDING,430
ONLINE,ORD-00319,08/30/2024,Maria,Vestido Bella,DRSS-BEL6,1,REFUNDED,1450
ONLINE,ORD-00320,04/16/2024,Hannah,Collar Luna,COL-LUN6,1,PAID,100
ONLINE,ORD-00321,12/14/2025,Camila,Vestido Bella,DRSS-BEL8,1,CANCELLED,1500
ONLINE,ORD-00321,12/14/2025,Camila,Vestido Sofia,DRSS-SOF7,1,CANCELLED,1450
ONLINE,ORD-00321,12/14/2025,Camila,Cinturon Crystal,BELT-CRY6,1,CANCELLED,180
ONLINE,ORD-00321,12/14/2025,Camila,Vestido Aurora,DRSS-AUR1,1,CANCELLED,1350
ONLINE,ORD-00321,12/14/2025,Camila,Aretes Crystal,EAR-CRY2,2,CANCELLED,125
ONLINE,ORD-00322,10/27/2024,Julia,Cinturon Crystal,BELT-CRY9,2,CANCELLED,220
ONLINE,ORD-00323,05/09/2024,Chloe,Anillo Halo,RNG-HAL5,1,PENDING,30
ONLINE,ORD-00323,05/09/2024,Chloe,Bolero Lace,BOL-LAC7,2,PENDING,320
ONLINE,ORD-00323,05/09/2024,Chloe,Cinturon Crystal,BELT-CRY4,1,PENDING,220
ONLINE,ORD-00323,05/09/2024,Chloe,Vestido Isabella,DRSS-ISA6,1,PENDING,1900
ONLINE,ORD-00323,05/09/2024,Chloe,Vestido Grace,DRSS-GRA7,1,PENDING,2250
ONLINE,ORD-00324,01/23/2025,Natalia,Collar Luna,COL-LUN9,2,REFUNDED,100
ONLINE,ORD-00324,01/23/2025,Natalia,Velo Luna,VEL-LUN2,3,PAID,480
ONLINE,ORD-00324,01/23/2025,Natalia,Tiara Halo,TIA-HAL8,1,PAID,200
ONLINE,ORD-00324,01/23/2025,Natalia,Tiara Halo,TIA-HAL4,2,REFUNDED,200
ONLINE,ORD-00325,05/19/2024,Camila,Vestido Isabella,DRSS-ISA4,1,PAID,1700
ONLINE,ORD-00326,09/24/2025,Isabella,Guantes Satin,GLV-SAT1,1,REFUNDED,95
ONLINE,ORD-00326,09/24/2025,Isabella,Aretes Pearl,EAR-PRL3,1,REFUNDED,135
ONLINE,ORD-00326,09/24/2025,Isabella,Vestido Aurora,DRSS-AUR5,1,REFUNDED,1400
ONLINE,ORD-00326,09/24/2025,Isabella,Aretes Crystal,EAR-CRY2,1,REFUNDED,105
ONLINE,ORD-00327,06/17/2025,Sarah,Velo Classic,VEL-CLA3,3,PENDING,370
ONLINE,ORD-00327,06/17/2025,Sarah,Velo Aurora,VEL-AUR7,2,PENDING,490
ONLINE,ORD-00327,06/17/2025,Sarah,Vestido Aurora,DRSS-AUR5,1,PENDING,1350
ONLINE,ORD-00327,06/17/2025,Sarah,Tiara Pearl,TIA-PRL1,2,PENDING,290
ONLINE,ORD-00327,06/17/2025,Sarah,Collar Luna,COL-LUN2,3,PENDING,80
ONLINE,ORD-00328,03/11/2026,Savannah,Velo Pearl,VEL-PRL8,1,CANCELLED,640
ONLINE,ORD-00329,01/24/2025,Lily,Vestido Luna,DRSS-LUN6,1,CANCELLED,1600
ONLINE,ORD-00329,01/24/2025,Lily,Jacket Pearl,JCK-PRL8,2,REFUNDED,360
ONLINE,ORD-00329,01/24/2025,Lily,Tiara Halo,TIA-HAL6,2,PAID,240
ONLINE,ORD-00330,12/23/2024,Rachel,Aretes Pearl,EAR-PRL3,1,CANCELLED,135
ONLINE,ORD-00330,12/23/2024,Rachel,Cinturon Pearl,BELT-PRL5,2,REFUNDED,180
ONLINE,ORD-00330,12/23/2024,Rachel,Vestido Sofia,DRSS-SOF3,1,CANCELLED,1400
ONLINE,ORD-00330,12/23/2024,Rachel,Collar Pearl,COL-PRL3,1,REFUNDED,140
ONLINE,ORD-00330,12/23/2024,Rachel,Vestido Camila,DRSS-CAM3,1,CANCELLED,1850
ONLINE,ORD-00331,07/26/2025,Camila,Velo Aurora,VEL-AUR1,1,PENDING,450
ONLINE,ORD-00331,07/26/2025,Camila,Tiara Halo,TIA-HAL5,3,REFUNDED,200
ONLINE,ORD-00332,01/15/2024,Victoria,Velo Aurora,VEL-AUR6,1,PAID,430
ONLINE,ORD-00332,01/15/2024,Victoria,Tiara Pearl,TIA-PRL1,1,PAID,250
ONLINE,ORD-00332,01/15/2024,Victoria,Anillo Halo,RNG-HAL4,1,PENDING,90
ONLINE,ORD-00332,01/15/2024,Victoria,Velo Pearl,VEL-PRL5,2,PENDING,580
ONLINE,ORD-00333,06/02/2024,Lucia,Bolero Lace,BOL-LAC4,2,CANCELLED,320
ONLINE,ORD-00333,06/02/2024,Lucia,Velo Luna,VEL-LUN7,1,PENDING,500
ONLINE,ORD-00333,06/02/2024,Lucia,Velo Classic,VEL-CLA4,1,PAID,350
ONLINE,ORD-00333,06/02/2024,Lucia,Jacket Pearl,JCK-PRL5,1,REFUNDED,340
ONLINE,ORD-00334,12/21/2025,Mia,Vestido Isabella,DRSS-ISA1,1,PENDING,1700
ONLINE,ORD-00334,12/21/2025,Mia,Anillo Halo,RNG-HAL3,1,PAID,90
ONLINE,ORD-00334,12/21/2025,Mia,Vestido Valentina,DRSS-VAL9,1,CANCELLED,2000
ONLINE,ORD-00335,06/03/2024,Ashley,Aretes Crystal,EAR-CRY1,1,PENDING,125
ONLINE,ORD-00335,06/03/2024,Ashley,Vestido Sofia,DRSS-SOF6,1,PAID,1550
ONLINE,ORD-00335,06/03/2024,Ashley,Guantes Satin,GLV-SAT4,3,REFUNDED,95
ONLINE,ORD-00336,10/12/2025,Sarah,Vestido Milena,DRSS-MIL8,1,PENDING,1300
ONLINE,ORD-00336,10/12/2025,Sarah,Vestido Camila,DRSS-CAM6,1,PENDING,2050
